,ID,PROVINCIA_ORIG,COMUNE_ORIG,PROVINCIA_NORM,COMUNE_NORM,COORD_SOURCE,latitude,longitude
0,24,Treviso,Piavon,treviso,piavon,No Match,,
1,26,Venezia ,Mira,venezia,mira,No Match,,
2,38,TREVISO ,Fregona,treviso,fregona,No Match,,
3,40,,"Parrocchia di  San Martino vescovo a Campobernardo, Salgareda",nao especificado,san martino vescovo a campobernardo,No Match,,
4,42,,Nanto/VICENZA,nao especificado,nanto,No Match,,
5,44,Treviso,Oderzo,treviso,oderzo,No Match,,
6,46,,"Belsito, Cosenza",nao especificado,belsito,No Match,,
7,48,Ferrara,Bondeno,ferrara,bondeno,No Match,,
8,50,,"Matrimonio con Fedeli Clelia Maria em Soragna, Parma",nao especificado,monio con fedeli clelia maria em soragna,No Match,,
9,52,Treviso,"Parrocchia di San Girolamo sacerdote e dottore in Falzè in Trevignano, Treviso",treviso,girolamo sacerdote e dottore in falze in trevignano,No Match,,
10,54,Treviso,"Parrocchia di San Tommaso apostolo a Coste, Maser",treviso,tommaso apostolo a coste,No Match,,
11,56,,"Sant'Ambrogio di Valpolicella nella frazione di Gargagnago, Verona ",nao especificado,santambrogio di valpolicella nella frazione di gargagnago,No Match,,
12,58,,"Alfano, Campania, Salerno",nao especificado,alfano,No Match,,
13,62,,"Pirri, Sardergna - INFORMAÇÕES PARA EMISSÃO DO NASCIMENTO NOS COMENTÁRIOS ",nao especificado,pirri,FuzzyMatch_Comune,39.2278,9.1111
14,66,,"Ciro, Catanzaro",nao especificado,ciro,No Match,,
15,68,,"MONTE SAN PIETRO, Bologna",nao especificado,monte san pietro,No Match,,
16,70,,"Lavello, Potenza",nao especificado,lavello,No Match,,
17,74,,"Vigasio, Verona",nao especificado,vigasio,No Match,,
18,262,Mantova,"Diocesi di Mantova - Piazza Sordello, 15, CAP 46100 Mantova (MN)",mantova,diocesi di mantova,No Match,,
19,264,,Parrocchia S. Giovanni Evangelista di Busnago,nao especificado,s giovanni evangelista di busnago,No Match,,
20,266,vicenza,PARROCCHIA S. VITALE DI MONTECCHIO MAGGIORE,vicenza,s vitale di montecchio maggiore,No Match,,
21,270,,Piovene Rocchette (VI),nao especificado,piovene rocchette,No Match,,
22,272,,"PARROCCHIA di SAN MARCO EVANGELISTA a FAGARE' DELLA BATTAGLIA, San Biagio di Callalta (TV)",nao especificado,marco evangelista a fagare della battaglia,No Match,,
23,274,,Persico Dosimo (CR) ,nao especificado,persico dosimo,No Match,,
24,276,,Sant'Andrea Apostolo (VE) e Mirano (VE),nao especificado,santandrea apostolo,No Match,,
25,278,VENEZA ,Torre di Mosto (VE),veneza,torre di mosto,No Match,,
26,280,,San Giorgio delle Pertiche (PD),nao especificado,giorgio delle pertiche,No Match,,
27,282,,Silea(TV),nao especificado,silea,No Match,,
28,284,BELLUNO,Belluno ,belluno,belluno,No Match,,
29,286,TREVISO ,ARCADE ,treviso,arcade,No Match,,
30,288,CHIETI ,Vastro ,chieti,vastro,No Match,,
31,290,PADOVA ,Parrochia di S. Giorgio di Tremignon e &quot;VILLAFRANCA PADOVANA  &quot;,padova,parrochia di s giorgio di tremignon e &quotvillafranca padovana &quot,No Match,,
32,292,COSENZA ,Santa Domenica Talao ,cosenza,domenica talao,No Match,,
33,294,FERRARA ,FERRARA,ferrara,ferrara,FuzzyMatch_Comune,44.8333,11.6167
34,296,LUCCA ,MINUCCIANO ,lucca,minucciano,No Match,,
35,298,Campobasso,Oratino (CB),campobasso,oratino,No Match,,
36,300,Venezia, Cavarzere (VE),venezia,cavarzere,No Match,,
37,302,,Montesarchio (BN),nao especificado,montesarchio,No Match,,
38,312,Vicenza,Sovizzo (VI),vicenza,sovizzo,No Match,,
39,314,Arezzo,TALLA (AR),arezzo,talla,No Match,,
40,316,Salerno,ISPANI,salerno,ispani,No Match,,
41,318,Treviso,San Zenone degli Ezzelini,treviso,zenone degli ezzelini,No Match,,
42,320,Salerno,CASTELLABATE,salerno,castellabate,No Match,,
43,322,Roma,SAMBUCI,roma,sambuci,No Match,,
44,324,Padova,TREBASELEGHE(natti e matri),padova,trebaseleghe,No Match,,
45,326,VERONA ,Gazzo Veronese,verona,gazzo veronese,No Match,,
46,328,MANTOVA ,QUISTELLO ,mantova,quistello,No Match,,
47,330,PADOVA ,PARROCCHIA S. MARIA DI CASALE DI SCODOSIA ,padova,s maria di casale di scodosia,No Match,,
48,332,ASCOLI PICENO ,COSSIGNANO ,ascoli piceno,cossignano,No Match,,
49,334,PADOVA ,VEGGIANO (NATTI E MATRI),padova,veggiano,No Match,,
50,336,VERONA ,CASALEONE ,verona,casaleone,No Match,,
51,338,ISERNIA ,Macchiagodena,isernia,macchiagodena,No Match,,
52,340,CASERTA ,SESSA AURUNCA,caserta,sessa aurunca,No Match,,
53,342,TREVISO ,Motta di Livenza ,treviso,motta di livenza,No Match,,
54,344,VITERBO ,CAPRANICA ,viterbo,capranica,No Match,,
55,348,VICENZA ,Brendola,vicenza,brendola,No Match,,
56,350,VERONA ,Albaredo d'Adige ,verona,albaredo dadige,No Match,,
57,352,VICENZA ,VALSTAGNA,vicenza,valstagna,No Match,,
58,386,Trevso ,Valdobbiadene,trevso,valdobbiadene,No Match,,
59,388,CAGLIARI ,Decimomannu (CA),cagliari,decimomannu,No Match,,
60,390, Modena,Parrocchia di S. Egidio Abate a Cavezzo,modena,s egidio abate a cavezzo,No Match,,
61,392,BELLUNO ,"PARROCCHIA DI SANTA MARIA ASSUNTA, LENTIAI",belluno,maria assunta,No Match,,
62,394,TREVISO ,Susegana,treviso,susegana,No Match,,
63,396,,Fuscaldo (CS),nao especificado,fuscaldo,No Match,,
64,458,TREVISO ,Oderzo,treviso,oderzo,No Match,,
65,460,,VAZZOLA (TV),nao especificado,vazzola,No Match,,
66,461,ROVIGO ,Boara Polesine,rovigo,boara polesine,No Match,,
67,462,,Chiesa Parrocchiale di Tempio,nao especificado,tempio,No Match,,
68,464,CUNEO ,LEVALDIGI,cuneo,levaldigi,No Match,,
69,466,PADOVA ,Camposampiero ,padova,camposampiero,No Match,,
70,468,ROVIGO ,ROVIGO ,rovigo,rovigo,No Match,,
71,470,SALERNO ,Casaletto Spartano,salerno,casaletto spartano,No Match,,
72,472,,San Dona di Piave,nao especificado,dona di piave,No Match,,
73,474,TREVISO ,Mansuè ,treviso,mansue,No Match,,
74,850,,&quot;NATTI-CELLARA&quot;   MATRI-BELSITO&quot;,nao especificado,&quotnatti,No Match,,
75,852,COSENZA ,CIVITA,cosenza,civita,No Match,,
76,854,Benevento,"Pontelandolfo, Benevento",benevento,pontelandolfo,No Match,,
77,966,,,nao especificado,nao especificado,No Match,,
78,972,,,nao especificado,nao especificado,No Match,,
79,978,,,nao especificado,nao especificado,No Match,,
80,984,PAVIA ,SPESSA ,pavia,spessa,No Match,,
81,986,VERONA ,COLOGNA VENETA ,verona,cologna veneta,No Match,,
82,996,ROVIGO,OCCHIOBELLO,rovigo,occhiobello,No Match,,
83,998,ROVIGO ,OCCHIOBELLO ,rovigo,occhiobello,No Match,,
84,1018,Treviso,"Castello di Godego, Treviso",treviso,castello di godego,No Match,,
85,1020,Verona,San Zeno vescovo,verona,zeno vescovo,No Match,,
86,1022,,VOLTERRA,nao especificado,volterra,No Match,,
87,1372,Caserta,Maddaloni,caserta,maddaloni,No Match,,
88,1440,ENNA ,AGIRA ,enna,agira,No Match,,
89,1464,Vicenza,castegnero,vicenza,castegnero,No Match,,
90,1466,Vicenza,Castegnero,vicenza,castegnero,No Match,,
91,1476,cosenza,Paola,cosenza,paola,No Match,,
92,1494,,,nao especificado,nao especificado,No Match,,
93,1506,,,nao especificado,nao especificado,No Match,,
94,1508,teste,teste,teste,teste,No Match,,
95,1512,Rovigo,Stienta,rovigo,stienta,No Match,,
96,1514,Rovigo,Stienta,rovigo,stienta,No Match,,
97,1590,Padova,"parrocchia di san lorenzo martire, Conselve",padova,lorenzo martire,No Match,,
98,1592,Padova,Conselve,padova,conselve,No Match,,
99,1608,Padova,Padova,padova,padova,FuzzyMatch_Comune,45.4167,11.8667
100,1614,Udine,Frisanco ,udine,frisanco,No Match,,
101,1616,Pordenone,Frisanco,pordenone,frisanco,No Match,,
102,1638,Verona,Chiesa di San Lorenzo,verona,lorenzo,No Match,,
103,1640,Verona,Minerbe,verona,minerbe,No Match,,
104,1668,,,nao especificado,nao especificado,No Match,,
105,1686,Verona,RONCO ALL'ADIGE,verona,ronco alladige,No Match,,
106,1688,, Cesena (FC),nao especificado,cesena,No Match,,
107,1696,Treviso,Collalto,treviso,collalto,No Match,,
108,1702,Reggio Emilia, Guastalla (RE),reggio emilia,guastalla,No Match,,
109,1772,Padova,-NATTI Boara Pisani (PD)-  -MATRIVilladose (RO)-,padova,boara pisani,No Match,,
110,1812,,"Vigasio, Verona",nao especificado,vigasio,No Match,,
111,1816,Borso del Grappa,"Parrocchia di San Severo in Semonzo, Borso del Grappa",borso del grappa,severo in semonzo,No Match,,
112,1838,,"Albignasego, Padova",nao especificado,albignasego,FuzzyMatch_Comune,45.35,11.8667
113,1842,,,nao especificado,nao especificado,No Match,,
114,1860,,,nao especificado,nao especificado,No Match,,
115,1868,Verona,Legnago,verona,legnago,No Match,,
116,1870,Rovigo,Parrocchia di San Giovanni Battista a Badia Polesine,rovigo,giovanni battista a badia polesine,No Match,,
117,1872,Rovigo,"Porto Tolle, Rovigo",rovigo,porto tolle,No Match,,
118,1888,,,nao especificado,nao especificado,No Match,,
119,2072,Verbano Cusio Ossola,Cavaglio-Spoccia,verbano cusio ossola,cavaglio,No Match,,
120,2120,,,nao especificado,nao especificado,No Match,,
121,2122,,,nao especificado,nao especificado,No Match,,
122,2132,Potenza,Trecchina ,potenza,trecchina,No Match,,
123,2222,dell'Aquila,"Capistrello, L'aquila",dellaquila,capistrello,No Match,,
124,2224,PALERMO,PALERMO (PA),palermo,palermo,FuzzyMatch_Comune,38.1111,13.3517
125,2226,Rimini,Saludecio (RN),rimini,saludecio,No Match,,
126,2228,Ferrara,BONDENO,ferrara,bondeno,No Match,,
127,2618,Perugia,Volterra,perugia,volterra,No Match,,
128,2646,Caserta, Macerata Campania (CE),caserta,macerata campania,FuzzyMatch_Comune,41.0667,14.2667
129,2648,,BERGANTINO,nao especificado,bergantino,No Match,,
130,2650,VENEZIA ,MIRA,venezia,mira,No Match,,
131,2662,Roma,Roma,roma,roma,No Match,,
132,2688,,,nao especificado,nao especificado,No Match,,
133,2736,Mantova,Goito,mantova,goito,No Match,,
134,2772,,,nao especificado,nao especificado,No Match,,
135,2820,,,nao especificado,nao especificado,No Match,,
136,2826,,,nao especificado,nao especificado,No Match,,
137,2862,,,nao especificado,nao especificado,No Match,,
138,2954,Treviso ,Vittorio Veneto,treviso,vittorio veneto,No Match,,
139,2956,Treviso,Maggiore,treviso,maggiore,No Match,,
140,3004,Palermo,Castronovo di Sicilia,palermo,castronovo di sicilia,No Match,,
141,3048,,,nao especificado,nao especificado,No Match,,
142,3092,,,nao especificado,nao especificado,No Match,,
143,3168,Padova,"Parrocchia di Santa Margherita a Santa Margherita d'Adige, Padova",padova,margherita a santa margherita dadige,No Match,,
144,3174,CAGLIARI ,ASSEMINI ,cagliari,assemini,No Match,,
145,3178,Verona,Monteforte d'Alpone,verona,monteforte dalpone,No Match,,
146,3184,Padova,Tombolo,padova,tombolo,No Match,,
147,3186,Verona ,Ronco all'Adige,verona,ronco alladige,No Match,,
148,3188,,,nao especificado,nao especificado,No Match,,
149,3190,MESSINA ,CESARO,messina,cesaro,No Match,,
150,3196,Treviso,Oderzo,treviso,oderzo,No Match,,
151,3200,Novara,Cressa,novara,cressa,No Match,,
152,3206,Verona,Arcole,verona,arcole,No Match,,
153,3208,CASERTA,Sessa Aurunca,caserta,sessa aurunca,No Match,,
154,3214,Bergamo,Azzano San Paolo,bergamo,azzano san paolo,No Match,,
155,3218,Pordenone,Vallenoncello,pordenone,vallenoncello,No Match,,
156,3220,Lucca ,Lucca ,lucca,lucca,No Match,,
157,3226,Verbano-Cusi,Valle Cannobina,verbano-cusi,valle cannobina,No Match,,
158,3230,Treviso,Pederobba,treviso,pederobba,No Match,,
159,3236,,,nao especificado,nao especificado,No Match,,
160,3242,Cosenza,Morano Calabro,cosenza,morano calabro,No Match,,
161,3246,,,nao especificado,nao especificado,No Match,,
162,3254,POTENZA ,Castelluccio Superiore,potenza,castelluccio superiore,No Match,,
163,3258,Lucca,Comune de Cappanori,lucca,comune de cappanori,No Match,,
164,3260,,,nao especificado,nao especificado,No Match,,
165,3264,Vicenza,Camisano,vicenza,camisano,No Match,,
166,3270,LUCCA,PIETRASANTA ,lucca,pietrasanta,No Match,,
167,3362,VICENZA,Vallonara di Marostica,vicenza,vallonara di marostica,No Match,,
168,3364,Verona,Sant Anna,verona,sant anna,No Match,,
169,3370,,,nao especificado,nao especificado,No Match,,
170,3382,TREVISO ,MOGLIANO VENETO ,treviso,mogliano veneto,No Match,,
171,3426,Mantova,Roverbella,mantova,roverbella,No Match,,
172,3428,Vicenza,Poiana Maggiore,vicenza,poiana maggiore,No Match,,
173,3436,Modena,Mirandola,modena,mirandola,No Match,,
174,3444,Forli Cesena,Forli,forli cesena,forli,FuzzyMatch_Comune,44.2333,12.05
175,3450,Cuneo,Vernante ,cuneo,vernante,No Match,,
176,3452,Padova,Piombino Dese,padova,piombino dese,No Match,,
177,3464,POTENZA ,LATRONICO ,potenza,latronico,No Match,,
178,3470,Padova,Camposampiero,padova,camposampiero,No Match,,
179,3494,Rovigo,Lusia,rovigo,lusia,No Match,,
180,3508,Bergamo,Caravaggio,bergamo,caravaggio,No Match,,
181,3510,Monza e Brianza,Giussano,monza e brianza,giussano,No Match,,
182,3516,Lucca ,"Parrocchia dei Santi Pietro e Paolo, Coreglia Antelminelli",lucca,dei santi pietro e paolo,No Match,,
183,3520,Cosenza,Parghelia,cosenza,parghelia,No Match,,
184,3526,Salerno ,Scafati,salerno,scafati,FuzzyMatch_Comune,40.7536,14.5253
185,3542,Matera,Genzano,matera,genzano,No Match,,
186,3546,Bologna,Molinella,bologna,molinella,No Match,,
187,3548,,,nao especificado,nao especificado,No Match,,
188,3550, San Prospero, San Prospero,san prospero,prospero,No Match,,
189,3556,Belluno,"Seren del Grappa, Belluno",belluno,seren del grappa,No Match,,
190,3562,Salerno ,Celle di Bulgheria,salerno,celle di bulgheria,No Match,,
191,3578,Venezia,"Parrocchia di San Giorgio di Livenza, Caorle, Venezia",venezia,giorgio di livenza,No Match,,
192,3584,Treviso,Susegana,treviso,susegana,No Match,,
193,3604,Ascoli Piceno,Monteprandone,ascoli piceno,monteprandone,No Match,,
194,3620,Rovigo,"Salvaterra, Badia Polesine",rovigo,salvaterra,No Match,,
195,3626,Vicenza,Roana,vicenza,roana,No Match,,
196,3632,Monza e Brianza ,Giussano,monza e brianza,giussano,No Match,,
197,3634,Potenza,Vietri di Potenza,potenza,vietri di potenza,No Match,,
198,3640,Padova,Stanghella,padova,stanghella,No Match,,
199,3646,Salerno,Vibonati,salerno,vibonati,No Match,,
200,3658,Rietti,PARROCHIA Castel Di Tora,rietti,parrochia castel di tora,No Match,,
201,3666,Mântua,San Giorgio Bigarello,mantua,giorgio bigarello,No Match,,
202,3672,verona,"San Pietro di Morubio, Verona",verona,pietro di morubio,No Match,,
203,3676,,,nao especificado,nao especificado,No Match,,
204,3686,,,nao especificado,nao especificado,No Match,,
205,3692,Potenza,Pietragalla,potenza,pietragalla,No Match,,
206,3700,Campobasso,Colle d'Anchise,campobasso,colle danchise,No Match,,
207,3706,Verona,Oppeano,verona,oppeano,No Match,,
208,3712,Rovigo,"Adria, Rovigo",rovigo,adria,No Match,,
209,3718,Rovigo ,CASTELNOVO BARIANO,rovigo,castelnovo bariano,No Match,,
210,3724,foggia,Alberona,foggia,alberona,No Match,,
211,3738,TREVISO,PARROCCHIA DI SAN ZENENE V M ,treviso,zenene v m,No Match,,
212,3742,Treviso,Vedelago,treviso,vedelago,No Match,,
213,3754,POTENZA ,Castelluccio Inferiore,potenza,castelluccio inferiore,No Match,,
214,3762,,,nao especificado,nao especificado,No Match,,
215,3768,,,nao especificado,nao especificado,No Match,,
216,3778,Venezia,Pramaggiore,venezia,pramaggiore,No Match,,
217,3790,Lucca,Borgo a Mozzano,lucca,borgo a mozzano,No Match,,
218,3808,Lombardia,Como,lombardia,como,FuzzyMatch_Comune,45.8167,9.0833
219,3820,VICENZA ,"San Antonio Abate di Rosa, Rosa ",vicenza,antonio abate di rosa,No Match,,
220,3824,Nápoles,Villaricca,napoles,villaricca,FuzzyMatch_Comune,40.9167,14.2
221,3838,CREMONA ,"BARZANIGA, ANNICCO ",cremona,barzaniga,No Match,,
222,3842,Belluno,Cesiomaggiore,belluno,cesiomaggiore,No Match,,
223,3844, Belluno,Cesiomaggiore,belluno,cesiomaggiore,No Match,,
224,3852,Lucca,Valgi di Sotto,lucca,valgi di sotto,No Match,,
225,3870,TREVISO ,PONTE DI PIAVE ,treviso,ponte di piave,No Match,,
226,3876,Toscana,Pistoia,toscana,pistoia,No Match,,
227,3882,Vicenza ,Nove,vicenza,nove,No Match,,
228,3894,Belluno,LAMON,belluno,lamon,No Match,,
229,3896,PADOVA ,Sant' Angelo Di Piove di Sacco,padova,sant angelo di piove di sacco,No Match,,
230,3902,Catanzaro,Pianopoli,catanzaro,pianopoli,No Match,,
231,3904,,,nao especificado,nao especificado,No Match,,
232,3916,TREVISO ,Preganziol,treviso,preganziol,No Match,,
233,3924,Treviso,Cappella Maggiore,treviso,cappella maggiore,No Match,,
234,3936,ROVIGO ,ROVIGO,rovigo,rovigo,No Match,,
235,3946,Cosenza,Morano Calabro,cosenza,morano calabro,No Match,,
236,3952,Pordenone ,Prata di Pordenone,pordenone,prata di pordenone,No Match,,
237,3958,belluno,Parrocchia Di Orzes,belluno,orzes,No Match,,
238,3964,,,nao especificado,nao especificado,No Match,,
239,3968, Vibo Valentia,"Filadelfia, Calabria",vibo valentia,filadelfia,No Match,,
240,3974,,,nao especificado,nao especificado,No Match,,
241,3986,,,nao especificado,nao especificado,No Match,,
242,3988,,,nao especificado,nao especificado,No Match,,
243,3990,,,nao especificado,nao especificado,No Match,,
244,3992,,,nao especificado,nao especificado,No Match,,
245,4004,Treviso,Carbonera,treviso,carbonera,No Match,,
246,4008,Salerno,Celle di Bulgheria,salerno,celle di bulgheria,No Match,,
247,4020,Bréscia,Nave,brescia,nave,No Match,,
248,4024,teste,teste,teste,teste,No Match,,
249,4026,Rovigo,Rovigo,rovigo,rovigo,No Match,,
250,4036,Enna,Piazza Armerina,enna,piazza armerina,No Match,,
251,4040,Padova,Stanghella,padova,stanghella,No Match,,
252,4046,Treviso,Montebelluna,treviso,montebelluna,No Match,,
253,4054,COSENZA ,BELVEDERE MARITTIMO,cosenza,belvedere marittimo,No Match,,
254,4060,Padova,CITADELLA (PD),padova,citadella,No Match,,
255,4062,Padova,Piazzola,padova,piazzola,No Match,,
256,4410,TERNI ,CASTEL GIORGIO,terni,castel giorgio,No Match,,
257,4418,CASERTA ,VALLE AGRICOLA,caserta,valle agricola,No Match,,
258,4420,TREVISO ,GORGO AL MONTICANO ,treviso,gorgo al monticano,No Match,,
259,4422,PERUGIA,FOLIGNO,perugia,foligno,No Match,,
260,4424,ROVIGO ,CANARO,rovigo,canaro,No Match,,
261,4426,REGGIO EMILIA ,POVIGLIO ,reggio emilia,poviglio,No Match,,
262,4428,PERUGIA ,PERUGIA,perugia,perugia,FuzzyMatch_Comune,43.1122,12.3889
263,4436,NAPOLI ,ERCOLANO (SERÁ NECESSARIO 2 VIAS),napoli,ercolano,FuzzyMatch_Comune,40.8,14.35
264,4438,NAPOLI ,GIUGLIANO IN CAMPANIA,napoli,giugliano in campania,FuzzyMatch_Comune,40.9333,14.2
265,4440,VERONA ,VISAGIO,verona,visagio,No Match,,
266,4442,REGGIO EMILIA ,GATTATICO,reggio emilia,gattatico,No Match,,
267,4444,Treviso ,"Parrocchia di Santa Maria Assunta a Ceneda ou Parrocchia di Natività di Maria Santissima a Serravalle,  Vittorio Veneto ",treviso,maria assunta a ceneda ou parrocchia di nativita di maria santissima a serravalle,No Match,,
268,4446,PADOVA ,Chiesa Parrocchiale di San Martino in Saonara,padova,martino in saonara,No Match,,
269,4448,BELLUNO,LENTIAI,belluno,lentiai,No Match,,
270,4450,TREVISO,VEDELAGO,treviso,vedelago,No Match,,
271,4452,VERONA ,VERONA,verona,verona,FuzzyMatch_Comune,45.4386,10.9928
272,4456,Catanzaro ,San Pietro Apostolo,catanzaro,pietro apostolo,No Match,,
273,4458,,Cona,nao especificado,cona,No Match,,
274,4460,TREVISO,VOLPAGO DEL MONETELLO S. Maria Maddalena,treviso,volpago del monetello s maria maddalena,No Match,,
275,4462,TREVISO ,ISTRANA,treviso,istrana,No Match,,
276,4464,TREVISO ,ORMELLE,treviso,ormelle,No Match,,
277,4478,Genova , Nostra Signora del Carmine e Sant'Agnese,genova,nostra signora del carmine e santagnese,No Match,,
278,4484,MILANO ,Monza,milano,monza,FuzzyMatch_Comune,45.5836,9.2736
279,4492,Ferrara,Ferrara,ferrara,ferrara,FuzzyMatch_Comune,44.8333,11.6167
280,4494,Cosenza,Rossana,cosenza,rossana,No Match,,
281,4500,PODOVA ,VILLA ESTENSE,podova,villa estense,No Match,,
282,4502,PADOVA ,-NATTI Vescovana - MATRI VASCOVANA E SOLESINO-,padova,vescovana,No Match,,
283,4504,BERGAMO ,Stezzano,bergamo,stezzano,No Match,,
284,4506,,Gaiarine,nao especificado,gaiarine,No Match,,
285,4508,TREVISO,Valdobbiadene,treviso,valdobbiadene,No Match,,
286,4510,FRASSINETTO ,Chiesa Parrocchiale di San Bartolomeo,frassinetto,bartolomeo,No Match,,
287,4512,VERONA ,COLOGNA AI COLLI,verona,cologna ai colli,No Match,,
288,4514,Belluno ,PEDAVENA,belluno,pedavena,No Match,,
289,4516,Belluno ,"San Michele Arcangelo, La Valle Agordina",belluno,michele arcangelo,No Match,,
290,4518,treviso,ORMELLE,treviso,ormelle,No Match,,
291,4520,VENEZIA ,"Arquidiocese de Venezia, San Felice Martire, San Marziale, Santi Ermagora e Fortunato",venezia,arquidiocese de venezia,No Match,,
292,4522,NAPOLI ,TERZIGNO,napoli,terzigno,No Match,,
293,4524,TREVISO,Asolo,treviso,asolo,No Match,,
294,4526,VERONA ,SONA,verona,sona,No Match,,
295,4528,PADOVA ,PADOVA,padova,padova,FuzzyMatch_Comune,45.4167,11.8667
296,4530,VERONA ,San Giovanni Battista,verona,giovanni battista,No Match,,
297,4538,Toscana,Pietrasanta ,toscana,pietrasanta,No Match,,
298,4540,Lucca,Pietrasanta,lucca,pietrasanta,No Match,,
299,4552,TREVISO ,Vittorio Veneto ,treviso,vittorio veneto,No Match,,
300,4618,,,nao especificado,nao especificado,No Match,,
301,4664,Salerno,Morigerati,salerno,morigerati,No Match,,
302,4676,VENEZIA ,QUARTO D'ALTINO,venezia,quarto daltino,No Match,,
303,4678,SASSARI ,SASSARI ,sassari,sassari,FuzzyMatch_Comune,40.725,8.5586
304,4680,TREVISO,San Vendemiano,treviso,vendemiano,No Match,,
305,4682,COSENZA ,FUSCALDO ,cosenza,fuscaldo,No Match,,
306,4686,TREVISO,Gaiarine,treviso,gaiarine,No Match,,
307,4688,FORLI-CESANA ,"Parrocchia di San Carlo, Cesena",forli-cesana,carlo,No Match,,
308,4690,Reggio Calabria ,Reggio Calabria ,reggio calabria,reggio calabria,FuzzyMatch_Comune,38.1114,15.6619
309,4692,BOLOGNA,DIOCESE DI BOLOGNA,bologna,bologna,FuzzyMatch_Comune,44.4939,11.3428
310,4694,TREVISO,GAIARINE,treviso,gaiarine,No Match,,
311,4696,PERUGIA,PERUGIA,perugia,perugia,FuzzyMatch_Comune,43.1122,12.3889
312,4698,TREVISO,GAIARINE,treviso,gaiarine,No Match,,
313,4700,MANTOVA ,PARROCCHIA ANNUNCIAZIONE DELLA BEATA VERGINE MARIA A ROVERBELLA   ,mantova,annunciazione della beata vergine maria a roverbella,No Match,,
314,4702,FERRARA ,CODIGORO,ferrara,codigoro,No Match,,
315,4704,PADOVA ,SAONARA,padova,saonara,No Match,,
316,4706,BOLGNA ,BOLGNA ,bolgna,bolgna,FuzzyMatch_Comune,44.4939,11.3428
317,4708,VICENZA ,SANDRIGO,vicenza,sandrigo,No Match,,
318,4710,,Trecchina,nao especificado,trecchina,No Match,,
319,4714,,Camposampiero ,nao especificado,camposampiero,No Match,,
320,4716,LECCE ,Poggiardo,lecce,poggiardo,No Match,,
321,4718,LATINA ,Castelforte,latina,castelforte,No Match,,
322,4722,TREVISO ,CASALE DI SUL SILE,treviso,casale di sul sile,No Match,,
323,4724,PADOVA ,BAGNOLI DI SOPRA,padova,bagnoli di sopra,No Match,,
324,4726,VIBO VALENTINA,VIBO VALENTINA,vibo valentina,vibo valentina,No Match,,
325,4728,TREVISO ,ASOLO,treviso,asolo,No Match,,
326,4730,TREVISO ,Chiarano,treviso,chiarano,No Match,,
327,4732,VICENZA ,MONTECCHIO MAGGIORE,vicenza,montecchio maggiore,No Match,,
328,4734,,Parrocchia S. Giovanni Evangelista di Busnago,nao especificado,s giovanni evangelista di busnago,No Match,,
329,4736,BRESCIA ,PARROCCHIA DI SANTA FOSCA A RONCADELLE,brescia,fosca a roncadelle,No Match,,
330,4738,Treviso,Parrocchia Di S. Giovanni Battista In Lancenigo/ Parrocchia di Fontane ,treviso,s giovanni battista in lancenigo,No Match,,
331,4746,Catanzaro,Sambiase,catanzaro,sambiase,No Match,,
332,4752,VICENZA ,ARZIGNANO ,vicenza,arzignano,No Match,,
333,4758,BOLOGNA ,PRADURO E SASSO ,bologna,praduro e sasso,No Match,,
334,4760,TREVISO ,Volpago del Montello,treviso,volpago del montello,No Match,,
335,4762,VICENZA ,Malo ,vicenza,malo,No Match,,
336,4764,TREVISO ,"PARROCCHIA S. MARIA ASSUNTA, Mogliano Veneto",treviso,s maria assunta,No Match,,
337,4766,BELLUNO ,SANTA GIUSTINA ,belluno,giustina,No Match,,
338,4768,TREVISO ,CASTELFRANCO VENETO ,treviso,castelfranco veneto,No Match,,
339,4770,MILANO ,LEGNANO,milano,legnano,FuzzyMatch_Comune,45.5781,8.9183
340,4772,CATANZARO ,BRIATICO ,catanzaro,briatico,No Match,,
341,4778,Veneto,Vicenza,veneto,vicenza,FuzzyMatch_Comune,45.55,11.55
342,4784,Padova ,Codevigo,padova,codevigo,No Match,,
343,4796,PADOVA ,VILLA DEL CONTE ,padova,villa del conte,No Match,,
344,4806,,"Bologna, Bologna",nao especificado,bologna,FuzzyMatch_Comune,44.4939,11.3428
345,4816,TREVISO ,FOLLINA ,treviso,follina,No Match,,
346,4822,Chieti,Vasto (CH),chieti,vasto,No Match,,
347,4824,Pordenone,FIUME VENETO,pordenone,fiume veneto,No Match,,
348,4830,TREVISO ,Roncade/ Monastier di Treviso,treviso,roncade,No Match,,
349,4832,Milano,Gorgonzola,milano,gorgonzola,FuzzyMatch_Comune,45.5333,9.4
350,4834,Treviso,Ormelle,treviso,ormelle,No Match,,
351,4836,,Sermide/Mantova,nao especificado,sermide,No Match,,
352,4858,Padova,"Carceri, Padova, Veneto",padova,carceri,No Match,,
353,4860,,,nao especificado,nao especificado,No Match,,
354,4866,PADOVA ,PADOVA ,padova,padova,FuzzyMatch_Comune,45.4167,11.8667
355,4872,Verona,Cologna Veneta (VR) ,verona,cologna veneta,No Match,,
356,4898,VICENZA ,POJANA MAGGIORE,vicenza,pojana maggiore,No Match,,
357,4904,Rovigo,"parrocchia di S. giuseppe, gaiba",rovigo,s giuseppe,No Match,,
358,4910,TREVISO ,Spresiano - Maserada sul Piave,treviso,spresiano,No Match,,
359,4920,SALERNO ," Poderia, Celle di Bulgheria",salerno,poderia,No Match,,
360,4924,Pistoia,Quarrata,pistoia,quarrata,No Match,,
361,4930,Salerno,Baronissi,salerno,baronissi,No Match,,
362,4936,SALERNO ,CAMEROTA ,salerno,camerota,No Match,,
363,4948,Veneza ,Mirano,veneza,mirano,No Match,,
364,4954,,Parrocchia di San Giovanni Battista Decollato a Annicco,nao especificado,giovanni battista decollato a annicco,No Match,,
365,5144,Padova,Brugine,padova,brugine,No Match,,
366,5190,Mantova ,Carbonara di Po,mantova,carbonara di,No Match,,
367,5196,TREVISO ,"PARROCCHIA SAN GIACOMO APOSTOLO, CISON D´ VALMARINO ",treviso,giacomo apostolo,No Match,,
368,5226,Lucca ,Sorbano del Vescov,lucca,sorbano del vescov,No Match,,
369,5232,,,nao especificado,nao especificado,No Match,,
370,5238,,,nao especificado,nao especificado,No Match,,
371,5244,,Parrocchia di  Annunciazione della Beata Vergine Maria a Moniego di Noale,nao especificado,annunciazione della beata vergine maria a moniego di noale,No Match,,
372,5246,Verona,"parrocchia s bartolomeo, Zevio",verona,bartolomeo,No Match,,
373,5320,,,nao especificado,nao especificado,No Match,,
374,5326,Venezia,Santa Maria di Sala,venezia,maria di sala,No Match,,
375,5332,chieti,chieti,chieti,chieti,No Match,,
376,5462,FERRARA ,ARGENTA ,ferrara,argenta,No Match,,
377,5468,VICENZA ,Comune di Isola Vicentina,vicenza,isola vicentina,No Match,,
378,5474,Reggio Calabria,palmi,reggio calabria,palmi,No Match,,
379,5498,Torino,"flecchia, inverso pinasca",torino,flecchia,No Match,,
380,5578,Arezzo,Anghiari,arezzo,anghiari,No Match,,
381,5590,PORDENONE ,ZOPPOLA ,pordenone,zoppola,No Match,,
382,5602,Vicenza,"Valli del Pasubio, Vicenza",vicenza,valli del pasubio,No Match,,
383,5840,Potenza,Satriano Lucania,potenza,satriano lucania,No Match,,
384,5860,Valbrenta,San Nazario,valbrenta,nazario,No Match,,
385,5874,Treviso ,Nervesa,treviso,nervesa,No Match,,
386,6820,Brescia,Pontevico,brescia,pontevico,No Match,,
387,6834,,,nao especificado,nao especificado,No Match,,
388,6844,Treviso ,Cavaso del Tomba,treviso,cavaso del tomba,No Match,,
389,6858,pavia,mede,pavia,mede,No Match,,
390,6870,Verona,Parrocchia S. Ulderico,verona,s ulderico,No Match,,
391,7144,Padova,Bagnoli,padova,bagnoli,No Match,,
392,7210,mantova,rodigo,mantova,rodigo,No Match,,
393,7236,Verona,"Colognola ai Colli, Verona",verona,colognola ai colli,No Match,,
394,7242,Mantova,San Martino dall'Argine,mantova,martino dallargine,No Match,,
395,7314,SALERNO ,BARONISSI ,salerno,baronissi,No Match,,
396,7316,Salerno,Baronissi,salerno,baronissi,No Match,,
397,7320,SALERNO ,VIBONATI ,salerno,vibonati,No Match,,
398,7368,RIVANO ,TORINO ,rivano,torino,No Match,,
399,7374,Milão ,Cologno Monzese,milao,cologno monzese,FuzzyMatch_Comune,45.5286,9.2783
400,7380,Padova, ANGUILLARA VENETA,padova,anguillara veneta,No Match,,
401,7386,Marche,Macerata,marche,macerata,No Match,,
402,7404,Treviso,chiesa di Sant'Antonio di Padova è la parrocchiale di Sarmede,treviso,santantonio di padova e la parrocchiale di sarmede,No Match,,
403,7422,Verona,Villa Franca,verona,villa franca,No Match,,
404,7614,,,nao especificado,nao especificado,No Match,,
405,7616,,,nao especificado,nao especificado,No Match,,
406,7962,Vicencia,Camisano Vicentino,vicencia,camisano vicentino,No Match,,
407,7990,cosenza,Morano calabro,cosenza,morano calabro,No Match,,
408,8834,Padova,Bevadoro,padova,bevadoro,No Match,,
409,8858,TORINO ,RIVARA ,torino,rivara,No Match,,
410,9872,,,nao especificado,nao especificado,No Match,,
411,9926,Cremona,Paderno Cremonese,cremona,paderno cremonese,No Match,,
412,10004,,,nao especificado,nao especificado,No Match,,
413,10046,MANTOVA ,GAZZUOLO ,mantova,gazzuolo,No Match,,
414,10052,MODENA ,CAMPOGALLIANO ,modena,campogalliano,No Match,,
415,10088,Mantova,Volta Mantovana,mantova,volta mantovana,No Match,,
416,10090,MANTOVA ,VOLTA MANTOVANA ,mantova,volta mantovana,No Match,,
417,10094,VENEZIA ,TORRE DI MOSTO ,venezia,torre di mosto,No Match,,
418,10100,Mantova,Pieve di Coriano,mantova,pieve di coriano,No Match,,
419,10112,Venezia ,Mirano,venezia,mirano,No Match,,
420,10118,Padova,Tombolo,padova,tombolo,No Match,,
421,10130,Caserta,Marcianise,caserta,marcianise,FuzzyMatch_Comune,41.0333,14.3
422,10138,Cosenza,Corigliano-Rossano,cosenza,corigliano,No Match,,
423,10154,Treviso,Castello di Godego,treviso,castello di godego,No Match,,
424,10160,Pordenone,Caneva ,pordenone,caneva,No Match,,
425,10172,VERONA ,MONTORIO ,verona,montorio,No Match,,
426,10178,,,nao especificado,nao especificado,No Match,,
427,10184,Padova,"Parrocchia San Leonardo in Correzzola, Correzzola",padova,leonardo in correzzola,No Match,,
428,10190,Padova ,Brugine,padova,brugine,No Match,,
429,10192,Cremona,"Chieve, Cremona",cremona,chieve,No Match,,
430,10196,FERMO ,FERMO ,fermo,fermo,No Match,,
431,10210,Rovigo,"Ramodipalo, Lendinara",rovigo,ramodipalo,No Match,,
432,10218,,,nao especificado,nao especificado,No Match,,
433,10224,Mantova,Schivenoglia,mantova,schivenoglia,No Match,,
434,10236,COSENZA ,ROTA GRECA ,cosenza,rota greca,No Match,,
435,10242,Treviso ,"parrocchia s. Marco Evangelista, Treviso ",treviso,s marco evangelista,No Match,,
436,10254,VENEZIA ,SAN STINO DI LIVENZA ,venezia,stino di livenza,No Match,,
437,10260,Cremona,Scandolara Ravara,cremona,scandolara ravara,No Match,,
438,10266,,,nao especificado,nao especificado,No Match,,
439,10272,COSENZA,PAOLA,cosenza,paola,No Match,,
440,10278,,,nao especificado,nao especificado,No Match,,
441,10284,Caltanissetta,Niscemi,caltanissetta,niscemi,No Match,,
442,10296,Mantova,Gazzuolo,mantova,gazzuolo,No Match,,
443,10302,Padova,Abano Terme,padova,abano terme,No Match,,
444,10308,Lodi,Lodi,lodi,lodi,No Match,,
445,10314,PORDENONE ,"MEZZOMONTE, POLCENIGO ",pordenone,mezzomonte,No Match,,
446,10320,Pordenone,Cavasso Nuovo,pordenone,cavasso nuovo,No Match,,
447,10332,Veneza,Campolongo Maggiore,veneza,campolongo maggiore,No Match,,
448,10338,Milano,"Gornate OlonaI, Milano",milano,gornate olonai,No Match,,
449,10350,Terni,Acquasparta,terni,acquasparta,No Match,,
450,10358,Tomba di Pesaro,Tavullia ,tomba di pesaro,tavullia,No Match,,
451,10362,POTENZA,LAURIA ,potenza,lauria,No Match,,
452,10368,Veneza,San Michele al Tagliamento,veneza,michele al tagliamento,No Match,,
453,10380,Treviso,Mareno di Piave,treviso,mareno di piave,No Match,,
454,10388,,,nao especificado,nao especificado,No Match,,
455,10392,Veneto,Rovigo,veneto,rovigo,No Match,,
456,10398,Rovigo,Lusia,rovigo,lusia,No Match,,
457,10404,Treviso,Riese Pio X,treviso,riese pio x,No Match,,
458,10416,COSENZA ,SARACENA,cosenza,saracena,No Match,,
459,10428,ROVIGO ,Giacciano con Baruchella,rovigo,giacciano con baruchella,No Match,,
460,10440,Pesaro e Urbino,Monte Copiolo,pesaro e urbino,monte copiolo,No Match,,
461,10464,Mantova,Borgofranco sul Po,mantova,borgofranco sul,No Match,,
462,10470,,,nao especificado,nao especificado,No Match,,
463,10476,MANTOVA ,"Parrocchia di San Michele Arcangelo, Sustinente ",mantova,michele arcangelo,No Match,,
464,10524,CASERTA ,Gallo Matese,caserta,gallo matese,No Match,,
465,10530,LUCCA ,"San Maria Del Giudice, Lucca ",lucca,maria del giudice,No Match,,
466,10536,Vicenza,Rosà,vicenza,rosa,No Match,,
467,10548,TREVISO ,FOLLINA ,treviso,follina,No Match,,
468,10554,Agrigento ,Grotte,agrigento,grotte,No Match,,
469,10572,CAMPOBASSO ,ORANTINO ,campobasso,orantino,No Match,,
470,10578,Napoli,Ottaviano,napoli,ottaviano,No Match,,
471,10584,Ferrara,Mesola,ferrara,mesola,No Match,,
472,10626, PERUGIА,MONTELEONE DI SPOLETO,perugia,monteleone di spoleto,No Match,,
473,10638,Verona,"Tormine, Mozzecane",verona,tormine,No Match,,
474,10644,Cosenza,Paola,cosenza,paola,No Match,,
475,10650,BELLUNO ,AGORDO ,belluno,agordo,No Match,,
476,10656,Mel Beluno,Conzago,mel beluno,conzago,No Match,,
477,10662,Padova,Cadoneghe,padova,cadoneghe,FuzzyMatch_Comune,45.45,11.9333
478,10674,Belluno,Fonzaso,belluno,fonzaso,No Match,,
479,10686,Salerno,Alfano ,salerno,alfano,No Match,,
480,10704,Campobasso,Colle d'Anchise,campobasso,colle danchise,No Match,,
481,10710,,,nao especificado,nao especificado,No Match,,
482,10716,Vicencia,Camisano Vicentino,vicencia,camisano vicentino,No Match,,
483,10722,TREVISO ,MEDUNA DI LIVENZA ,treviso,meduna di livenza,No Match,,
484,10734,Verona ,Legnago,verona,legnago,No Match,,
485,10752,Napoli,Campania,napoli,campania,No Match,,
486,10758,,,nao especificado,nao especificado,No Match,,
487,10776,Mantova ,San Giorgio di Mantova,mantova,giorgio di mantova,No Match,,
488,10782,Treviso,"Borso del Grappa, Treviso",treviso,borso del grappa,No Match,,
489,10794,Treviso,Villorba,treviso,villorba,No Match,,
490,10800,Catanzaro,Drapia,catanzaro,drapia,No Match,,
491,10902,TREVISO ,CISON DI VALMARINO ,treviso,cison di valmarino,No Match,,
492,10908,VERONA ,Roveredo di Guà,verona,roveredo di gua,No Match,,
493,11040,Pádua,Villa del Conte,padua,villa del conte,No Match,,
494,11046,Vicenza,Solagna,vicenza,solagna,No Match,,
495,11052,Sardenha do Sul,Villasalto,sardenha do sul,villasalto,No Match,,
496,11082,Salerno,Torcchiara,salerno,torcchiara,No Match,,
497,11172,Bergamo,"Antegnate, ",bergamo,antegnate,No Match,,
498,11328,Treviso,San Polo di Piave,treviso,polo di piave,No Match,,
499,11336,Treviso,Collalto,treviso,collalto,No Match,,
500,11620,Vicenza,Brendola,vicenza,brendola,No Match,,
501,11626,Treviso,Altivole,treviso,altivole,No Match,,
502,12040,,,nao especificado,nao especificado,No Match,,
503,12280,Cosenza,San Martino di Finita,cosenza,martino di finita,No Match,,
504,12286,Cosenza,Fiumefreddo Bruzio,cosenza,fiumefreddo bruzio,No Match,,
505,12538,Verona,Ronca,verona,ronca,No Match,,
506,12712,PADOVA ,LENDINARA ,padova,lendinara,No Match,,
507,12730,Ancona,Ostra,ancona,ostra,No Match,,
508,12742,Mantova,Viadana,mantova,viadana,No Match,,
509,12754,Rovigo,Castelguglielmo,rovigo,castelguglielmo,No Match,,
510,13030,CASERTA,ARIENZO,caserta,arienzo,No Match,,
511,13354,PADOVA ,GALLIERA VENETA ,padova,galliera veneta,No Match,,
512,13384,Treviso,crocetta,treviso,crocetta,No Match,,
513,13450,Vicenza,"Chiesa parrocchiale di San Lorenzo Martire, Torrebelvicino ",vicenza,lorenzo martire,No Match,,
514,13452,TREVISO ,Cordignano,treviso,cordignano,No Match,,
515,13454,VICENZA ,"ROTZO, VICENZA ",vicenza,rotzo,No Match,,
516,13468,Treviso,"-Parrocchia di Conversione di San Paolo apostolo a San Polo di Piave/NATTI-   -Ormelle, Treviso/MATRI-",treviso,nao especificado,No Match,,
517,13470,Verona,LEGNAGO,verona,legnago,No Match,,
518,13472,Milano,Bussero (MI),milano,bussero,No Match,,
519,13474,Belluno,Parrocchia di Santa Maria Assunta a Lentiai,belluno,maria assunta a lentiai,No Match,,
520,13476,BOLOGNA,Molinella (BO),bologna,molinella,No Match,,
521,13700,TREVISO ,CASACORBA ,treviso,casacorba,No Match,,
522,13706,UDINE ,GEMONA DEL FRIULI ,udine,gemona del friuli,No Match,,
523,13712,Mantova,Serravalle a Po,mantova,serravalle a,No Match,,
524,13720,Rovigo,Villadose,rovigo,villadose,No Match,,
525,13730,ROVIGO ,CITTÁ FRATTA POLESINE ,rovigo,citta fratta polesine,No Match,,
526,13766,Aquila,"San Pelino, Avezzano ",aquila,pelino,No Match,,
527,13874,Basilicata,Marsico Nuovo,basilicata,marsico nuovo,No Match,,
528,13882,Bérgamo,"Capriate d' Adda, BG",bergamo,capriate d adda,No Match,,
529,14102,Treviso,"Parrocchia Ponte di Piave, Treviso ",treviso,ponte di piave,No Match,,
530,14186,Treviso,Comune di Motta di Livenza ,treviso,motta di livenza,No Match,,
531,14486,Cremona ,Romanengo,cremona,romanengo,No Match,,
532,14528,ROVIGO ,LENDINARA ,rovigo,lendinara,No Match,,
533,14684,Verona,Pressana,verona,pressana,No Match,,
534,14808,COSENZA ,TORANO CASTELLO ,cosenza,torano castello,No Match,,
535,15254,Rovigo,Castelguglielmo ,rovigo,castelguglielmo,No Match,,
536,15390,Verona,Soave,verona,soave,No Match,,
537,15392,Cremona,Izano,cremona,izano,No Match,,
538,15604,Treviso,"Parrocchia Santa Maria Assunta, Fregone",treviso,maria assunta,No Match,,
539,15612,Pordenone,Sequalis,pordenone,sequalis,No Match,,
540,15620,Rovigo,VILLADOSE,rovigo,villadose,No Match,,
541,15630,L'aquila,Capistrello,laquila,capistrello,No Match,,
542,15638,Foggia,San Marco la Catola,foggia,marco la catola,No Match,,
543,15640,SASSARI,ALGHERO,sassari,alghero,No Match,,
544,15808,Treviso,Farra di Soligo,treviso,farra di soligo,No Match,,
545,16594,BELLUNO ,AURONZO DI CADORE ,belluno,auronzo di cadore,No Match,,
546,16942,Rovigo,Canda,rovigo,canda,No Match,,
547,17230,Napoli,Ottaviano/Napoli,napoli,ottaviano,No Match,,
548,17232,Treviso,Monastier di Treviso,treviso,monastier di treviso,No Match,,
549,17554,TREVISO ,"Lancenigo, Villorba",treviso,lancenigo,No Match,,
550,17580,Potenza,Tramutola,potenza,tramutola,No Match,,
551,17594,Treviso,ZERO BRANCO,treviso,zero branco,No Match,,
552,17674,Mantova,"Parrocchia di San Floriano Martine, San Benedetto Po ",mantova,floriano martine,No Match,,
553,17778,Treviso,"Zero Branco, Treviso",treviso,zero branco,No Match,,
554,17876,Venezia,Cavarzere,venezia,cavarzere,No Match,,
555,17964,,Sant'Ambrogio di Valpolicella,nao especificado,santambrogio di valpolicella,No Match,,
556,19214,,,nao especificado,nao especificado,No Match,,
557,19378,,,nao especificado,nao especificado,No Match,,
558,19890,Macerata,Matelica,macerata,matelica,No Match,,
559,19892,Potenza,Tramutolla,potenza,tramutolla,No Match,,
560,19894,Venezia,MARCON (VE),venezia,marcon,No Match,,
561,19998,,,nao especificado,nao especificado,No Match,,
562,24394,Salerno ,"Sacco, Salerno ",salerno,sacco,No Match,,
563,27866,Salerno,Monte San Giacomo,salerno,monte san giacomo,No Match,,
564,28192,Verona,Bonavigo,verona,bonavigo,No Match,,
565,28202,Napoli,Napoli,napoli,napoli,No Match,,
566,28892,Treviso,San Fior,treviso,fior,No Match,,
567,28894,TREVISO,Chiarano,treviso,chiarano,No Match,,
568,28896,Mantova,Roverbella,mantova,roverbella,No Match,,
569,28898,Padova,Parrocchia dei S.s Nazario e Celso in San Nazario,padova,dei ss nazario e celso in san nazario,No Match,,
570,28900,Crotone,Scandale,crotone,scandale,No Match,,
571,28902,VICENZA,Rosa,vicenza,rosa,No Match,,
572,28904,Arezzo,Arezzo,arezzo,arezzo,No Match,,
573,28906,Rovigo,Ficarolo,rovigo,ficarolo,No Match,,
574,29038,Mantova,Moglia,mantova,moglia,No Match,,
575,29256,Verona,"parrocchia di S. Gregorio di Cavalpone Piazza S. Gregorio, Veronella",verona,s gregorio di cavalpone piazza s gregorio,No Match,,
576,29258,Padova,Sant'Angelo di Piove di Sacco,padova,santangelo di piove di sacco,No Match,,
577,29270,Lucca,"Parrocchia di Benabbio, Bagni di Luca",lucca,benabbio,No Match,,
578,29278,Treviso,Morgano,treviso,morgano,No Match,,
579,29280,Massa Carrara,Pontremoli,massa carrara,pontremoli,No Match,,
580,29284,Mantova,Suzzara,mantova,suzzara,No Match,,
581,29286,Monza E Brianza,Monza,monza e brianza,monza,FuzzyMatch_Comune,45.5836,9.2736
582,29326,,,nao especificado,nao especificado,No Match,,
583,29334,Treviso,Crespano dela Grappa,treviso,crespano dela grappa,No Match,,
584,29340,Novara ,Novara,novara,novara,FuzzyMatch_Comune,45.45,8.62
585,29342,Padova ,Montagnana,padova,montagnana,No Match,,
586,29512,Novara,Suno ,novara,suno,No Match,,
587,29634,Arezzo,Arezzo,arezzo,arezzo,No Match,,
588,29636,Treviso,Volpago del Montello,treviso,volpago del montello,No Match,,
589,29646,,,nao especificado,nao especificado,No Match,,
590,29704,,,nao especificado,nao especificado,No Match,,
591,29998,,,nao especificado,nao especificado,No Match,,
592,30064,,,nao especificado,nao especificado,No Match,,
593,30278,Benevento,Pontelandolfo,benevento,pontelandolfo,No Match,,
594,30280,,,nao especificado,nao especificado,No Match,,
595,30282,Rovigo,Buso,rovigo,buso,No Match,,
596,30284,Potenza,Maratea,potenza,maratea,No Match,,
597,30338,Cosenza,Castrovillar,cosenza,castrovillar,No Match,,
598,30380,Cosenza,Borgo,cosenza,borgo,No Match,,
599,30438,Vicenza,Quinto Vicentino,vicenza,quinto vicentino,No Match,,
600,30646,Bologna,Loiano,bologna,loiano,No Match,,
601,30648,Padova,Sthangella,padova,sthangella,No Match,,
602,30650,Verona ,"Parrocchia di San Bartolomeo Apostolo, Verona ",verona,bartolomeo apostolo,No Match,,
603,30712,Treviso,Motta di Livenza,treviso,motta di livenza,No Match,,
604,30730,Vicenza,Sarego,vicenza,sarego,No Match,,
605,30786,Avellino,"Contrada, Campania",avellino,contrada,No Match,,
606,31028,Rovigo,Grignano Polesine,rovigo,grignano polesine,No Match,,
607,31138,Cosenza,Fiumefreddo Bruzio,cosenza,fiumefreddo bruzio,No Match,,
608,31272,,,nao especificado,nao especificado,No Match,,
609,31274,Mantova,Pegognaga,mantova,pegognaga,No Match,,
610,31276,belluno,"Parrocchia di San Nicolò vescovo a Villa di Villa, mel ",belluno,nicolo vescovo a villa di villa,No Match,,
611,31280,Verona,Belfiore,verona,belfiore,No Match,,
612,31394,,,nao especificado,nao especificado,No Match,,
613,31400,Forlì-Cesena,Cesena ,forli-cesena,cesena,No Match,,
614,31406,COSENZA ,Comune di Belvedere Marittimo,cosenza,belvedere marittimo,No Match,,
615,31502,Rovigo,Castelnovo Bariano,rovigo,castelnovo bariano,No Match,,
616,31578,,,nao especificado,nao especificado,No Match,,
617,31982,Cagliare,Assemini,cagliare,assemini,No Match,,
618,32098,Vicenza,Enego,vicenza,enego,No Match,,
619,32100,Padova,Carmignano di Brenta,padova,carmignano di brenta,No Match,,
620,32154,Caserta,Marcianise,caserta,marcianise,FuzzyMatch_Comune,41.0333,14.3
621,32196,PESCARA ,Spoltore,pescara,spoltore,No Match,,
622,32222,Treviso,San Fior,treviso,fior,No Match,,
623,32226,VENETO," TERRASANA PADOVANA, VENETO",veneto,terrasana padovana,No Match,,
624,32394,Vale de Aosta,Antey-Saint-André,vale de aosta,antey,No Match,,
625,32424,Catanzaro,Stilo ,catanzaro,stilo,No Match,,
626,32426,Padova,Piazzola sul Brenta,padova,piazzola sul brenta,No Match,,
627,32432,Ferrara,Mesola,ferrara,mesola,No Match,,
628,32440,,,nao especificado,nao especificado,No Match,,
629,32480,,,nao especificado,nao especificado,No Match,,
630,32484,Bergamo,Mornico al Serio,bergamo,mornico al serio,No Match,,
631,32488,Belluno,Sospirolo,belluno,sospirolo,No Match,,
632,32522,,,nao especificado,nao especificado,No Match,,
633,32548,Treviso,Costa di Conegliano,treviso,costa di conegliano,No Match,,
634,32554,Bréscia,Bréscia,brescia,brescia,FuzzyMatch_Comune,45.5417,10.2167
635,32556,Modena,Ravarino,modena,ravarino,No Match,,
636,32862,TREVISO ,"Parrocchia San Bartolomeo Apostolo, Resana ",treviso,bartolomeo apostolo,No Match,,
637,33188,Rovigo,Concadirame,rovigo,concadirame,No Match,,
638,33202,Bérgamo ,Treviglio,bergamo,treviglio,No Match,,
639,33204,Mantova ,Magnacavallo,mantova,magnacavallo,No Match,,
640,33208,Mantova,Magnacavallo,mantova,magnacavallo,No Match,,
641,33212,Veneza,Torre Di Mosto,veneza,torre di mosto,No Match,,
642,33214,Treviso,Villorba ,treviso,villorba,No Match,,
643,33222,Potenza,Montemurro,potenza,montemurro,No Match,,
644,33232,Bergamo,Sotto il Monte,bergamo,sotto il monte,No Match,,
645,33236,Cagliari,Cagliari,cagliari,cagliari,FuzzyMatch_Comune,39.2278,9.1111
646,33252,VENEZA,CAVARZERE ,veneza,cavarzere,No Match,,
647,33256,Bérgamo,Pagazzano ,bergamo,pagazzano,No Match,,
648,33260,Piemonte,"Cuneo, Demonte e Savigliano",piemonte,cuneo,No Match,,
649,33262,Milano,"Grezzago, ",milano,grezzago,No Match,,
650,33272,Belluno,"Farra (Feltre), Belluno",belluno,farra,No Match,,
651,33282,Rímini,Coriano,rimini,coriano,No Match,,
652,33298,Varese,Caronno Ghiringhello,varese,caronno ghiringhello,No Match,,
653,33308,Lucca,Lucca,lucca,lucca,No Match,,
654,33316,,,nao especificado,nao especificado,No Match,,
655,33318,Caserta,SANTA MARIA CAPUA VETERE,caserta,maria capua vetere,FuzzyMatch_Comune,41.0833,14.25
656,33320,,,nao especificado,nao especificado,No Match,,
657,33322,Salerno,Lanzara,salerno,lanzara,No Match,,
658,33324,Mantova,San Martino dall'Argine,mantova,martino dallargine,No Match,,
659,33326,,,nao especificado,nao especificado,No Match,,
660,33380,Mantova,Quistello,mantova,quistello,No Match,,
661,33452,Veneza,Caorle,veneza,caorle,No Match,,
662,33484,Bergamo,Fontanella,bergamo,fontanella,No Match,,
663,33546,L´Aquila,Pratola peligna,laquila,pratola peligna,No Match,,
664,33548,Verona,Bonavigo,verona,bonavigo,No Match,,
665,33550,Treviso,Salgareda,treviso,salgareda,No Match,,
666,33566,Verona,Soave ,verona,soave,No Match,,
667,33592,Padova,Cittadella,padova,cittadella,No Match,,
668,33732,Mantova,Borgofranco sul Po,mantova,borgofranco sul,No Match,,
669,33802,Treviso,Godega di Sant'Urbano,treviso,godega di santurbano,No Match,,
670,33910,Verona,Legnago,verona,legnago,No Match,,
671,33974,Massa-carrara,Carrara,massa-carrara,carrara,No Match,,
672,34082,Mantova,MANTOVA,mantova,mantova,No Match,,
673,34218,Treviso,Vitorio Veneto,treviso,vitorio veneto,No Match,,
674,34230,rovigo ,parrocchia di crespino,rovigo,crespino,No Match,,
675,34936,Arezzo,Cortona,arezzo,cortona,No Match,,
676,35570,Salerno,Casalbuono,salerno,casalbuono,No Match,,
677,35740,,,nao especificado,nao especificado,No Match,,
678,35982,TREVISO ,CODOGNE,treviso,codogne,No Match,,
679,35998,Padova,"Parrocchia di Santa Caterina vergine e martire, Stanghella",padova,caterina vergine e martire,No Match,,
680,36004,Genova ,Sab Pier D'Arena,genova,sab pier darena,No Match,,
681,36026,Cosenza,Fuscaldo,cosenza,fuscaldo,No Match,,
682,36032,,,nao especificado,nao especificado,No Match,,
683,36034,Catanzaro,Pianopoli,catanzaro,pianopoli,No Match,,
684,36040,Verona,Verona ,verona,verona,FuzzyMatch_Comune,45.4386,10.9928
685,36042,,,nao especificado,nao especificado,No Match,,
686,36044,,,nao especificado,nao especificado,No Match,,
687,36126,Vicenza,Albettone,vicenza,albettone,No Match,,
688,36128,Treviso,Roncade ,treviso,roncade,No Match,,
689,36210,Treviso,Chiarano,treviso,chiarano,No Match,,
690,36216,Treviso,Treviso,treviso,treviso,FuzzyMatch_Comune,45.6667,12.25
691,36332,,,nao especificado,nao especificado,No Match,,
692,36382,,,nao especificado,nao especificado,No Match,,
693,36500,Forli-Cesena,Meldola,forli-cesena,meldola,No Match,,
694,36564,Salerno,Camerota,salerno,camerota,No Match,,
695,36566,Catanzaro,Sersale,catanzaro,sersale,No Match,,
696,36644,Belluno ,Canale d'Agordo ( Forno di Canale),belluno,canale dagordo,No Match,,
697,36648,Treviso,Valmarino,treviso,valmarino,No Match,,
698,36974,Bérgamo,Fara Gera d'Adda,bergamo,fara gera dadda,No Match,,
699,37064,Ferrara,Ferrara,ferrara,ferrara,FuzzyMatch_Comune,44.8333,11.6167
700,37066,Treviso,Montebelluna,treviso,montebelluna,No Match,,
701,37218,Potenza,Maratea,potenza,maratea,No Match,,
702,37276,,,nao especificado,nao especificado,No Match,,
703,37294,Treviso,Vitorio Veneto,treviso,vitorio veneto,No Match,,
704,37326,Vicenza,"Parrocchiale di Santa Margherita, Posina",vicenza,parrocchiale di santa margherita,No Match,,
705,38470,,,nao especificado,nao especificado,No Match,,
706,38500,TREVISO,Mogliano Veneto,treviso,mogliano veneto,No Match,,
707,38506,Pordenone,Azzano Decimo,pordenone,azzano decimo,No Match,,
708,38508,,,nao especificado,nao especificado,No Match,,
709,38510,Udine,Ruda,udine,ruda,No Match,,
710,38512,Vicenza,Nanto,vicenza,nanto,No Match,,
711,38518,Bergamo,Caravaggio ,bergamo,caravaggio,No Match,,
712,38522,Vicenza,Poiana Maggiore,vicenza,poiana maggiore,No Match,,
713,38524,Rovigo,Lusia,rovigo,lusia,No Match,,
714,38526,Padova,Anguillara Veneta,padova,anguillara veneta,No Match,,
715,38532,Genova ,Genova ,genova,genova,FuzzyMatch_Comune,44.4111,8.9328
716,38534,Vicenza,"Parrocchia di SS. Trinità di Angarano, Bassano del Grappa",vicenza,ss trinita di angarano,No Match,,
717,38540,Savona,"Parrocchia di Sant´Ambrogio in Dego, Dego",savona,santambrogio in dego,No Match,,
718,38628,Rovigo,Massa Superiore,rovigo,massa superiore,No Match,,
719,39196,Catanzaro,Conflenti,catanzaro,conflenti,No Match,,
720,39244,Veneza,Meolo,veneza,meolo,No Match,,
721,39260,,Torri di Quartesolo,nao especificado,torri di quartesolo,No Match,,
722,39364,Chieti,Palena,chieti,palena,No Match,,
723,39402,Milano ,"Parrocchia dei Santi Nazaro e Celso, Bussero",milano,dei santi nazaro e celso,No Match,,
724,39456,,,nao especificado,nao especificado,No Match,,
725,39486,,,nao especificado,nao especificado,No Match,,
726,39768,Bergamo,Antegnate,bergamo,antegnate,No Match,,
727,39800,Treviso,Casale Sul Sile,treviso,casale sul sile,No Match,,
728,40052,,,nao especificado,nao especificado,No Match,,
729,40370,Napoli,San Ferdinando,napoli,ferdinando,No Match,,
730,40398,Pisa, Santa Luce,pisa,luce,No Match,,
731,40464,Cremona,Camisano,cremona,camisano,No Match,,
732,40554,Pescara,Serramonacesca ,pescara,serramonacesca,No Match,,
733,40606,Verona,Terrazzo,verona,terrazzo,No Match,,
734,40656,Treviso,Treviso,treviso,treviso,FuzzyMatch_Comune,45.6667,12.25
735,40726,TREVISO, MANSUE,treviso,mansue,No Match,,
736,40752,Cosenza,Paola,cosenza,paola,No Match,,
737,40784,Lucca,Castelnuovo di Garfagnana,lucca,castelnuovo di garfagnana,No Match,,
738,40816,Cosenza,Belvedere Marittimo,cosenza,belvedere marittimo,No Match,,
739,40818,POTENZA,RIVELLO,potenza,rivello,No Match,,
740,40958,Treviso, San Biagio di Callalta,treviso,biagio di callalta,No Match,,
741,40960,Veneza,Chirignago,veneza,chirignago,No Match,,
742,41028,,,nao especificado,nao especificado,No Match,,
743,41122,Mantova,Gonzaga,mantova,gonzaga,No Match,,
744,41134,Pordenone,Fontanafredda,pordenone,fontanafredda,No Match,,
745,41144,,,nao especificado,nao especificado,No Match,,
746,41146,Benevento ,Torrecuso,benevento,torrecuso,No Match,,
747,41168,Vicenza,Enego ,vicenza,enego,No Match,,
748,41250,,,nao especificado,nao especificado,No Match,,
749,41470,Enna,Nicosia,enna,nicosia,No Match,,
750,41516,Belluno,Sospirolo,belluno,sospirolo,No Match,,
751,41556,Sicilia,Messina,sicilia,messina,FuzzyMatch_Comune,38.1936,15.5542
752,41558,,,nao especificado,nao especificado,No Match,,
753,41634,Calábria,Lamezia Terme ,calabria,lamezia terme,No Match,,
754,41684,Reggio Emilia,Scandiano,reggio emilia,scandiano,No Match,,
755,41720,Padua,dissegna giobatta in padova,padua,dissegna giobatta in padova,No Match,,
756,41828,Lucca,Lucca,lucca,lucca,No Match,,
757,41852,Vicenza,Brendola,vicenza,brendola,No Match,,
758,41922,Cremona,Ombriano,cremona,ombriano,No Match,,
759,42208,Frosinone,"Frosinone, Frosinone",frosinone,frosinone,No Match,,
760,42212,Vicenza,Agugliario,vicenza,agugliario,No Match,,
761,42354,Catania,Caltagirone,catania,caltagirone,No Match,,
762,42368,Frosinone,Aquino,frosinone,aquino,No Match,,
763,42390,BELLUNO ,Santa Giustina,belluno,giustina,No Match,,
764,42392,varese,Chiesa dei Santi Pietro e Paolo (Daverio),varese,chiesa dei santi pietro e paolo,No Match,,
765,42430,,,nao especificado,nao especificado,No Match,,
766,42452,Rovigo,Rosolina,rovigo,rosolina,No Match,,
767,42504,Treviso,"Meduna di Livenza, Treviso",treviso,meduna di livenza,No Match,,
768,42534,Ferrara,Fiscaglia,ferrara,fiscaglia,No Match,,
769,42612,VERONA,PARROCCCHIA SS PIETRO E PAOLO,verona,parroccchia ss pietro e paolo,No Match,,
770,42614,Treviso,Altivole,treviso,altivole,No Match,,
771,42640,Salerno,Castellabate,salerno,castellabate,No Match,,
772,42642,Bérgamo,"Parrocchia Santi Giovanni Battista Pietro e Paolo Apostoli e Ambrogio Dottore, Taleggio",bergamo,giovanni battista pietro e paolo apostoli e ambrogio dottore,No Match,,
773,42704,Bergamo,Cavernago,bergamo,cavernago,No Match,,
774,42722,Vicenza,Mason Vicentino,vicenza,mason vicentino,No Match,,
775,42783,Mântova,Sermide ,mantova,sermide,No Match,,
776,42792,,,nao especificado,nao especificado,No Match,,
777,42806,Treviso,Valdobbiadene ,treviso,valdobbiadene,No Match,,
778,42810,,,nao especificado,nao especificado,No Match,,
779,42812,Treviso,ORSAGO,treviso,orsago,No Match,,
780,42928,Treviso,Godega di Sant'Urbano,treviso,godega di santurbano,No Match,,
781,42938,"Emília-Romanha,",Ferrara,emilia-romanha,ferrara,FuzzyMatch_Comune,44.8333,11.6167
782,43090,Cosenza,Rossano ,cosenza,rossano,No Match,,
783,43124,Ferrara,Ferrara,ferrara,ferrara,FuzzyMatch_Comune,44.8333,11.6167
784,43174,Padova,Tribano,padova,tribano,No Match,,
785,43210,,,nao especificado,nao especificado,No Match,,
786,43314,Ferrara,copparo ,ferrara,copparo,No Match,,
787,43342,Padova,Bovolenta,padova,bovolenta,No Match,,
788,43356,Torino,Torino,torino,torino,No Match,,
789,43378,Treviso,Chiarano,treviso,chiarano,No Match,,
790,43390,Avellino,Frigento,avellino,frigento,No Match,,
791,43400,Vicenza,"Parrocchia S. Giorgio, Tremignon",vicenza,s giorgio,No Match,,
792,43544,,,nao especificado,nao especificado,No Match,,
793,43564,,,nao especificado,nao especificado,No Match,,
794,43602,Treviso,Cessalto,treviso,cessalto,No Match,,
795,43616,podova,codevigno ,podova,codevigno,No Match,,
796,43654,Ferrara,Comacchio,ferrara,comacchio,No Match,,
797,43676,Napoli,Palma Campania,napoli,palma campania,No Match,,
798,43724,Veneza,Torre di Mosto,veneza,torre di mosto,No Match,,
799,43754,Rovigo ,rovigo,rovigo,rovigo,No Match,,
800,43796,Bologna,Parrocchia di San Pietro nella Metropolitana,bologna,pietro nella metropolitana,No Match,,
801,43828,Treviso ,Pieve di Soligo,treviso,pieve di soligo,No Match,,
802,43872,,,nao especificado,nao especificado,No Match,,
803,43912,Pesaro e Urbino,Fossombrone,pesaro e urbino,fossombrone,No Match,,
804,43954,,,nao especificado,nao especificado,No Match,,
805,43978,Venezia ,Mirano,venezia,mirano,No Match,,
806,44000,Ancona,Osimo,ancona,osimo,No Match,,
807,44004,Treviso,"parrocchia di s maria maddalena, Volpago del Montello",treviso,maria maddalena,No Match,,
808,44078,Treviso,Colle Umberto,treviso,colle umberto,No Match,,
809,44138,,,nao especificado,nao especificado,No Match,,
810,44242,Treviso,Villorba,treviso,villorba,No Match,,
811,44252,,,nao especificado,nao especificado,No Match,,
812,44272,Pavia,Sannazzaro de' Burgondi,pavia,sannazzaro de burgondi,No Match,,
813,44390,Salerno,Teggiano,salerno,teggiano,No Match,,
814,44566,,,nao especificado,nao especificado,No Match,,
815,44568,,,nao especificado,nao especificado,No Match,,
816,44634,Treviso, Mogliano,treviso,mogliano,No Match,,
817,44734,,,nao especificado,nao especificado,No Match,,
818,44736,Padova,Cittadella,padova,cittadella,No Match,,
819,44762, Potenza,Tito,potenza,tito,No Match,,
820,44796,Salerno,CASTELLABATE,salerno,castellabate,No Match,,
821,44804,Vicenza,Parrocchia di s. andrea apostolo Mason vicentino,vicenza,s andrea apostolo mason vicentino,No Match,,
822,44848,Milano,Trezzano sul Naviglio,milano,trezzano sul naviglio,FuzzyMatch_Comune,45.4333,9.0667
823,44922,Catanzaro,Montepaone,catanzaro,montepaone,No Match,,
824,45162,Mantova,Gonzaga,mantova,gonzaga,No Match,,
825,47462,Bergamo,Brembo,bergamo,brembo,No Match,,
826,50020,Padova,Agna ,padova,agna,No Match,,
827,50252,Biella,Biella,biella,biella,No Match,,
828,50268,Avellino,Quatrelle,avellino,quatrelle,No Match,,
829,50286,Treviso,"parrocchia annunciazione della beata vergine maria, Paderno del Grappa",treviso,annunciazione della beata vergine maria,No Match,,
830,50350,,,nao especificado,nao especificado,No Match,,
831,50406,Verona,Belfiore,verona,belfiore,No Match,,
832,50764,Lecce,Sogliano Cavour,lecce,sogliano cavour,No Match,,
833,50784,Cosenza,Grimaldi ,cosenza,grimaldi,No Match,,
834,50906,Cesena-Forli,Cesena,cesena-forli,cesena,No Match,,
835,51096,Padova,"Parrocchia di B.V, Maria in Valli Mocennighe, Piacenza",padova,bv,No Match,,
836,51124,Milano ,Milano ,milano,milano,FuzzyMatch_Comune,45.4669,9.19
837,51182,Belluno,Belluno,belluno,belluno,No Match,,
838,51190,Belluno,Santa Giustina,belluno,giustina,No Match,,
839,51242,ROVIGO ,Occhiobello,rovigo,occhiobello,No Match,,
840,51340,Novara,Novara,novara,novara,FuzzyMatch_Comune,45.45,8.62
841,51404,Vicenza,Bassano del Grappa,vicenza,bassano del grappa,No Match,,
842,51458,Treviso,San Pietro Apostolo di Vittorio Veneto,treviso,pietro apostolo di vittorio veneto,No Match,,
843,51548,,,nao especificado,nao especificado,No Match,,
844,51624,,,nao especificado,nao especificado,No Match,,
845,51926,,,nao especificado,nao especificado,No Match,,
846,52032,Mantova,Pietro e Paolo apostoli di sermide,mantova,pietro e paolo apostoli di sermide,No Match,,
847,52038,Rovigo,BADIA POLESINE,rovigo,badia polesine,No Match,,
848,52068,Rovigo ,Donada,rovigo,donada,No Match,,
849,52156,,,nao especificado,nao especificado,No Match,,
850,52260,,,nao especificado,nao especificado,No Match,,
851,52272,Bérgamo,Almenno San Salvatore,bergamo,almenno san salvatore,No Match,,
852,52312,Frosinone,Ceccano,frosinone,ceccano,No Match,,
853,52316,,,nao especificado,nao especificado,No Match,,
854,52318,Avellino,Altavilla Irpina,avellino,altavilla irpina,No Match,,
855,52346,Treviso,Paese,treviso,paese,No Match,,
856,52444,,,nao especificado,nao especificado,No Match,,
857,52472,Modena,Finale Emilia,modena,finale emilia,No Match,,
858,52522,,,nao especificado,nao especificado,No Match,,
859,52582,,,nao especificado,nao especificado,No Match,,
860,52598,VERONA,CONCAMARISE,verona,concamarise,No Match,,
861,52600,Ferrara  ,Poggiorenatico,ferrara,poggiorenatico,No Match,,
862,52658,,,nao especificado,nao especificado,No Match,,
863,52674,,,nao especificado,nao especificado,No Match,,
864,52702,Rovigo,Giacciano con Baruchella,rovigo,giacciano con baruchella,No Match,,
865,52704,Campobasso,Castel Mauro,campobasso,castel mauro,No Match,,
866,52706,TREVISO ,Montebelluna,treviso,montebelluna,No Match,,
867,52730,Roma,Roma,roma,roma,No Match,,
868,52746,,,nao especificado,nao especificado,No Match,,
869,52772,Torino,Strambino,torino,strambino,No Match,,
870,52782,FERRARA,Ferrara ,ferrara,ferrara,FuzzyMatch_Comune,44.8333,11.6167
871,52826,Livorno ,Cecina,livorno,cecina,No Match,,
872,52892,,,nao especificado,nao especificado,No Match,,
873,52914,Treviso,San Pietro di Feletto,treviso,pietro di feletto,No Match,,
874,52920,,,nao especificado,nao especificado,No Match,,
875,52938,Treviso ,Villorba,treviso,villorba,No Match,,
876,52976,,,nao especificado,nao especificado,No Match,,
877,53038,Cremona,Motta Baluffi,cremona,motta baluffi,No Match,,
878,53056,Verone,"Quinzano, Verona ",verone,quinzano,No Match,,
879,53060,,,nao especificado,nao especificado,No Match,,
880,53136,Verona,Legnago,verona,legnago,No Match,,
881,53206,Massa-Carrara,Pontremoli,massa-carrara,pontremoli,No Match,,
882,53210,Veneza,Dolo,veneza,dolo,No Match,,
883,53240,Ascoli Piceno ,Castorano,ascoli piceno,castorano,No Match,,
884,53300,,,nao especificado,nao especificado,No Match,,
885,53334,milano,Parrocchia di San satiro ,milano,satiro,No Match,,
886,53390,potenza,venosa,potenza,venosa,No Match,,
887,53424,Vicenza,"Parrocchia di S. Clemente di Valdagno Corso Italia, Valdagno",vicenza,s clemente di valdagno corso italia,No Match,,
888,53426,,,nao especificado,nao especificado,No Match,,
889,53444,Caserta,Pignataro Maggiore,caserta,pignataro maggiore,No Match,,
890,53460,,,nao especificado,nao especificado,No Match,,
891,53474,Vicenza,"Parrocchia S. Lucia di Lisiera, Bolzano Vicentino",vicenza,s lucia di lisiera,No Match,,
892,53476,Perugia,Città Di Castello,perugia,castello,No Match,,
893,53494,,,nao especificado,nao especificado,No Match,,
894,53522,Treviso,Monastier di Treviso,treviso,monastier di treviso,No Match,,
895,53524,Rovigo,Castelnovo Bariano,rovigo,castelnovo bariano,No Match,,
896,53550,Cosenza,VILLAPIANA,cosenza,villapiana,No Match,,
897,53564,Potenza,Melfi,potenza,melfi,No Match,,
898,53604,,,nao especificado,nao especificado,No Match,,
899,53606,Bergamo,Brignano Gera d'Adda,bergamo,brignano gera dadda,No Match,,
900,53630,Modena,Nanantola,modena,nanantola,No Match,,
901,53742,,,nao especificado,nao especificado,No Match,,
902,53746,Catanzaro,Catanzaro,catanzaro,catanzaro,FuzzyMatch_Comune,38.9,16.6
903,53770,Rovigo,Pettorazza Grimani,rovigo,pettorazza grimani,No Match,,
904,53776,Mantova,"Parrocchia di S. Fiorentino martine, Quistello",mantova,s fiorentino martine,No Match,,
905,53806,TREVISO,godega di sant'urbano,treviso,godega di santurbano,No Match,,
906,53808,,,nao especificado,nao especificado,No Match,,
907,53828,Pordenone,Sacile,pordenone,sacile,No Match,,
908,53844,Vicenza,Molvena,vicenza,molvena,No Match,,
909,53900,Novara,Novara,novara,novara,FuzzyMatch_Comune,45.45,8.62
910,54048,Verona ,Badia Calavena,verona,badia calavena,No Match,,
911,54116,Cremona,"Ca'd'Andrea, Torre de' Picenardi",cremona,cadandrea,No Match,,
912,54136,Milano,Milano,milano,milano,FuzzyMatch_Comune,45.4669,9.19
913,54160,Cosenza,Laino Borgo,cosenza,laino borgo,No Match,,
914,54440,,,nao especificado,nao especificado,No Match,,
915,54480,,,nao especificado,nao especificado,No Match,,
916,54524,Mantova,Gazzuolo,mantova,gazzuolo,No Match,,
917,54562,,,nao especificado,nao especificado,No Match,,
918,54564,Firenze,Impruneta,firenze,impruneta,No Match,,
919,54652,Venezia,Burano,venezia,burano,No Match,,
920,54814,Chiete,Chiete,chiete,chiete,No Match,,
921,54970,,,nao especificado,nao especificado,No Match,,
922,55050,Potenza,Sinise,potenza,sinise,No Match,,
923,55168,Verona,Parrocchia - Ss. Fermo e Rustico/Valgatara,verona,parrocchia,No Match,,
924,55224,Verona,"Parrocchia di San Pietro In Cariano, San Pietro in Cariano",verona,pietro in cariano,No Match,,
925,55282,Salerno,Sapri,salerno,sapri,No Match,,
926,55284,,,nao especificado,nao especificado,No Match,,
927,55300,Benevento ,Montefalcone di Val Fortore,benevento,montefalcone di val fortore,No Match,,
928,55344,Padova,ANGUILLARA VENETA,padova,anguillara veneta,No Match,,
929,55380,Lucca,Lucca,lucca,lucca,No Match,,
930,55428,Frosinone,Villa Santo Stefano,frosinone,villa santo stefano,No Match,,
931,55434,Rimini,Misano Adriatico,rimini,misano adriatico,No Match,,
932,55440,Mantova,Mantova,mantova,mantova,No Match,,
933,55484,,,nao especificado,nao especificado,No Match,,
934,55580,Rovigo,Donada ,rovigo,donada,No Match,,
935,55732,,,nao especificado,nao especificado,No Match,,
936,55744,Treviso,Crespano Veneto,treviso,crespano veneto,No Match,,
937,55746,Vicenza,Masson Vicentino,vicenza,masson vicentino,No Match,,
938,55752,,,nao especificado,nao especificado,No Match,,
939,55848,,,nao especificado,nao especificado,No Match,,
940,55876,Potenza,Marsico,potenza,marsico,No Match,,
941,55882,L'Aquila,Sante Marie,laquila,sante marie,No Match,,
942,56008,,,nao especificado,nao especificado,No Match,,
943,56110,Isérnia,Civitanova del Sannio,isernia,civitanova del sannio,No Match,,
944,56142,Catania,Grammichele,catania,grammichele,No Match,,
945,56194,Treviso,Villorba,treviso,villorba,No Match,,
946,56198,,,nao especificado,nao especificado,No Match,,
947,56240,Treviso,Riese,treviso,riese,No Match,,
948,56280,Padova,Galzignano Terme,padova,galzignano terme,No Match,,
949,56284,Padova,Cittadella,padova,cittadella,No Match,,
950,56326,Bérgamo,Levate,bergamo,levate,No Match,,
951,56344,Cosenza,Cosenza,cosenza,cosenza,FuzzyMatch_Comune,39.3,16.25
952,56364,,,nao especificado,nao especificado,No Match,,
953,56376,Pádua,San Giorgio delle Pertiche,padua,giorgio delle pertiche,No Match,,
954,56404,,,nao especificado,nao especificado,No Match,,
955,56558,Vicenza,"Forni di Val d'Astico, Valdastico",vicenza,forni di val dastico,No Match,,
956,56620,,,nao especificado,nao especificado,No Match,,
957,56768,,,nao especificado,nao especificado,No Match,,
958,56792,Padova,"Parrocchia san urbano, Padova",padova,urbano,No Match,,
959,56860,PADOVA,CAMPODÀRSEGO,padova,campodarsego,No Match,,
960,56936,Treviso,Crespano del Grappa,treviso,crespano del grappa,No Match,,
961,56966,Vale de Aosta,Saint-Rhémy-en-Bosses,vale de aosta,saint,No Match,,
962,56998,Bari,Santeramo in Colle,bari,santeramo in colle,No Match,,
963,57002,Rovigo,Castelnovo,rovigo,castelnovo,No Match,,
964,57022,TREVISO,TREVISO,treviso,treviso,FuzzyMatch_Comune,45.6667,12.25
965,57156,Catania,Paterno,catania,paterno,No Match,,
966,57304,Padova,Conselve,padova,conselve,No Match,,
967,57404,,,nao especificado,nao especificado,No Match,,
968,57504,Vibo Valentia,Gerocarne,vibo valentia,gerocarne,No Match,,
969,57536,Padova,Vigonza,padova,vigonza,No Match,,
970,57564,,,nao especificado,nao especificado,No Match,,
971,57568,Rovigo,Rovigo,rovigo,rovigo,No Match,,
972,57586,Matera,Irsina,matera,irsina,No Match,,
973,57592,parma,polesine zibello,parma,polesine zibello,No Match,,
974,57596,Isérnia,Frosolone ,isernia,frosolone,No Match,,
975,57708,Treviso,Mansuè,treviso,mansue,No Match,,
976,57712,Campobasso,Termoli,campobasso,termoli,No Match,,
977,57716,Cremona,Scandolara Ravara,cremona,scandolara ravara,No Match,,
978,57730,Vicenza,Valstagna,vicenza,valstagna,No Match,,
979,57766,Potenza,Rivello,potenza,rivello,No Match,,
980,57856,Pàdua,"San Martino di Lupari,",padua,martino di lupari,No Match,,
981,57860,Vicenza,Noventa Vicentina,vicenza,noventa vicentina,No Match,,
982,58034,Mântua,Mântua,mantua,mantua,No Match,,
983,58054,Rovigo,Rovigo,rovigo,rovigo,No Match,,
984,58136,Milano ,Milano ,milano,milano,FuzzyMatch_Comune,45.4669,9.19
985,58152,Modena,Medolla,modena,medolla,No Match,,
986,58160,Vicenza,Marostica,vicenza,marostica,No Match,,
987,58284,Rovigo,Porto Tolle,rovigo,porto tolle,No Match,,
988,58314,,,nao especificado,nao especificado,No Match,,
989,58358,Rovigo,Montagnana,rovigo,montagnana,No Match,,
990,58362,Treviso,Ponte di Piave,treviso,ponte di piave,No Match,,
991,58376,Pavia,Broni,pavia,broni,No Match,,
992,58388,padova,PARROCCHIA SAN MARCO EVANGELISTA,padova,marco evangelista,No Match,,
993,58508,,,nao especificado,nao especificado,No Match,,
994,58530,,,nao especificado,nao especificado,No Match,,
995,58550,Isérnia,Carpinone,isernia,carpinone,No Match,,
996,58560,Rovigo,Rovigo,rovigo,rovigo,No Match,,
997,58582,Catanzaro,Francica,catanzaro,francica,No Match,,
998,58606,Vicenza,Grancona,vicenza,grancona,No Match,,
999,58648,Brescia,Palazzolo Sull’Oglio,brescia,palazzolo sulloglio,No Match,,
1000,58696,,,nao especificado,nao especificado,No Match,,
1001,58726,verona,san giovanni lupatoto ,verona,giovanni lupatoto,FuzzyMatch_Comune,45.3833,11.0333
1002,58730,Rovigo,Ceregnano,rovigo,ceregnano,No Match,,
1003,58732,Treviso,Zenson di Piave,treviso,zenson di piave,No Match,,
1004,58736,VICENZA, ARZIGNANO,vicenza,arzignano,No Match,,
1005,58740,Vicenza,dueville,vicenza,dueville,No Match,,
1006,58744,ROVIGO,GUARDA VENETA,rovigo,guarda veneta,No Match,,
1007,58746,Potenza,Pietragalla,potenza,pietragalla,No Match,,
1008,58750,Chieti,Frisa,chieti,frisa,No Match,,
1009,58752,Venezia,Portogruaro,venezia,portogruaro,No Match,,
1010,58754,Venezia,Portogruaro ,venezia,portogruaro,No Match,,
1011,58756,,,nao especificado,nao especificado,No Match,,
1012,58758,,,nao especificado,nao especificado,No Match,,
1013,58762,Bergamo,Parrocchia Ss. Pietroe Paolo/Calvenzano,bergamo,ss pietroe paolo,No Match,,
1014,58764,Pádua,Villa Estense,padua,villa estense,No Match,,
1015,58766,Crotone,Savelli,crotone,savelli,No Match,,
1016,58768,,,nao especificado,nao especificado,No Match,,
1017,58774,,,nao especificado,nao especificado,No Match,,
1018,58780,,,nao especificado,nao especificado,No Match,,
1019,58782,,,nao especificado,nao especificado,No Match,,
1020,58784,,,nao especificado,nao especificado,No Match,,
1021,58786,,,nao especificado,nao especificado,No Match,,
1022,58788,Vincenza,Valstagna,vincenza,valstagna,No Match,,
1023,58790,Basilicata,Potenza,basilicata,potenza,FuzzyMatch_Comune,40.6333,15.8
1024,58792,Veneza,"parrocchia s. maria immacolata, Veneza",veneza,s maria immacolata,No Match,,
1025,58798,Arezzo,Arezzo,arezzo,arezzo,No Match,,
1026,58804,Treviso,"Comune Quinto di Treviso,  Parrocchia Santa Cristina Vergine e Martire",treviso,comune quinto di treviso,No Match,,
1027,58812,Montova,Sustinente,montova,sustinente,No Match,,
1028,58814,treviso,chiesa di San Bartolomeo Apostolo,treviso,bartolomeo apostolo,No Match,,
1029,58816,,,nao especificado,nao especificado,No Match,,
1030,58824,GENOVA,GENOVA,genova,genova,FuzzyMatch_Comune,44.4111,8.9328
1031,58826,Mântua,San Giorgio Bigarello ,mantua,giorgio bigarello,No Match,,
1032,58828,Cremona,Paderno Ponchielli,cremona,paderno ponchielli,No Match,,
1033,58832,,,nao especificado,nao especificado,No Match,,
1034,58834,,,nao especificado,nao especificado,No Match,,
1035,58840,Belluno,Fonzaso ,belluno,fonzaso,No Match,,
1036,58842,Bergamo,"Urgnano, Bergamo",bergamo,urgnano,No Match,,
1037,58846,Rovigo,Ceneselli,rovigo,ceneselli,No Match,,
1038,58916,ROVIGO ,Guarda Veneta,rovigo,guarda veneta,No Match,,
1039,58950,Campobasso,Civitanova del Sannio,campobasso,civitanova del sannio,No Match,,
1040,58954, Milão,"parrocchia di san martino vescovo, Magenta",milao,martino vescovo,No Match,,
1041,58960, Livorno,Livorno,livorno,livorno,FuzzyMatch_Comune,43.5519,10.3083
1042,58964,Vicenza,Rotzo,vicenza,rotzo,No Match,,
1043,59110,Veneza,Annone Veneto,veneza,annone veneto,No Match,,
1044,59116,Treviso,Conegliano,treviso,conegliano,No Match,,
1045,59168,Lucca,Stazzema,lucca,stazzema,No Match,,
1046,59208,Di Padova,Conselve,di padova,conselve,No Match,,
1047,59268,Treviso,"Codognè, Treviso",treviso,codogne,No Match,,
1048,59478,Veneto,Venezia,veneto,venezia,No Match,,
1049,59484,Padova,Ospedaletto Euganeo,padova,ospedaletto euganeo,No Match,,
1050,59488,Verona,Belfiore,verona,belfiore,No Match,,
1051,59566,TREVISO,"LUTRANO, FONTANELLE",treviso,lutrano,No Match,,
1052,59578,Treviso,Motta di Livenza,treviso,motta di livenza,No Match,,
1053,59598,,"Roberto Ambonati com Barbara Lugia Spina-filho de Luigi e Maria Conte  nas- 1889-Ferrara/Ferrara , frazione di DENORE",nao especificado,roberto ambonati com barbara lugia spina,No Match,,
1054,59600,VICENZA ,MAROSTICA ,vicenza,marostica,No Match,,
1055,59604,POTENZA,TITO,potenza,tito,No Match,,
1056,59632,Caserta,Campania,caserta,campania,No Match,,
1057,59648,Venezia,"DIOCESI DI CHIOGGIA, ",venezia,diocesi di chioggia,No Match,,
1058,59818,TREVISO,Villorba,treviso,villorba,No Match,,
1059,59956,Padova,Anguillara,padova,anguillara,No Match,,
1060,60000,Sicilia,Acate,sicilia,acate,No Match,,
1061,60002,Padova,Santa Margherita D'adige,padova,margherita dadige,No Match,,
1062,60004,Milano,Gorgonzola,milano,gorgonzola,FuzzyMatch_Comune,45.5333,9.4
1063,60006,Alessandria,Castelletto d’Orba,alessandria,castelletto dorba,No Match,,
1064,60010,Padova,Santa margherita D'Adige,padova,margherita dadige,No Match,,
1065,60012,Vicenza,Marostica,vicenza,marostica,No Match,,
1066,60014,Treviso,Oderzo,treviso,oderzo,No Match,,
1067,60016,Belluno,Seren del Grappa,belluno,seren del grappa,No Match,,
1068,60018,Lecce,Maglie,lecce,maglie,No Match,,
1069,60020,VENEZA,Annone Veneto,veneza,annone veneto,No Match,,
1070,60022,Orsitano,Palmas Arborea,orsitano,palmas arborea,No Match,,
1071,60024,caserta ,caserta ,caserta,caserta,FuzzyMatch_Comune,41.0667,14.3333
1072,60026,Verona,"Andreani LucianoVigasio, Verona",verona,andreani lucianovigasio,No Match,,
1073,60028,Pordenone,Cordovado ,pordenone,cordovado,No Match,,
1074,60030,FOGGIA ,Vico del Gargano ,foggia,vico del gargano,No Match,,
1075,60084,Mantova,Carbonara di Pó,mantova,carbonara di,No Match,,
1076,60138,ROVIGO ,OCCHIOBELLO ,rovigo,occhiobello,No Match,,
1077,60234,Rovigo ,Bagnolo di Po ,rovigo,bagnolo di,No Match,,
1078,60262,ROVIGO,BERGANTINO,rovigo,bergantino,No Match,,
1079,60266,Bérgamo,San Gervasio,bergamo,gervasio,No Match,,
1080,60340,Verona,Verona,verona,verona,FuzzyMatch_Comune,45.4386,10.9928
1081,60460,Treviso,Strana,treviso,strana,No Match,,
1082,60512,Mantova,Moglia,mantova,moglia,No Match,,
1083,60674,Chieti,Cupello,chieti,cupello,No Match,,
1084,60682,Treviso ,Sernaglia della Battaglia,treviso,sernaglia della battaglia,No Match,,
1085,60684,Emilia-Romagna,Ferrara,emilia-romagna,ferrara,FuzzyMatch_Comune,44.8333,11.6167
1086,60770,Lucca ,Cittá di Lucca ,lucca,lucca,No Match,,
1087,60842,Vicenza,Zugliano,vicenza,zugliano,No Match,,
1088,60864,Salerno,San Pietro al Tanagro,salerno,pietro al tanagro,No Match,,
1089,60868,TREVISO ,ODERZO ,treviso,oderzo,No Match,,
1090,60888,Verona,Sona,verona,sona,No Match,,
1091,60902,Frosinone,Pontecorvo,frosinone,pontecorvo,No Match,,
1092,60920,Veneto,villorba,veneto,villorba,No Match,,
1093,61194,FERRARA ,Comacchio,ferrara,comacchio,No Match,,
1094,61196,Ravena,Ravena,ravena,ravena,FuzzyMatch_Comune,44.4161,12.2017
1095,61218,LUCCA,Pietrasanta,lucca,pietrasanta,No Match,,
1096,61302,Treviso,Riese,treviso,riese,No Match,,
1097,61344,Cosenza,Paola,cosenza,paola,No Match,,
1098,61462,Rovigo,San Bellino,rovigo,bellino,No Match,,
1099,61642,FROSINONE,FERENTINO,frosinone,ferentino,No Match,,
1100,61656,Vicenza,Valdagno,vicenza,valdagno,No Match,,
1101,61658,Mantova,Serravalle a Po,mantova,serravalle a,No Match,,
1102,61816,Bari, Santeramo in Colle,bari,santeramo in colle,No Match,,
1103,62138,ROVIGO,RAMODIPALO,rovigo,ramodipalo,No Match,,
1104,62148,PÁDUA,"SS. FAUSTINO E GIOVITA DI VILLALTA, GAZZO",padua,ss faustino e giovita di villalta,No Match,,
1105,62154,Friuli Venezia Giulia,Friuli Venezia Giulia,friuli venezia giulia,friuli venezia giulia,No Match,,
1106,62164,Salerno,Torraca,salerno,torraca,No Match,,
1107,62180,Rovigo, BOTTRIGHE,rovigo,bottrighe,No Match,,
1108,62186,Padova," San Michele delle Badesse, Borgoricco",padova,michele delle badesse,No Match,,
1109,62210,Bérgamo,Lombardia ,bergamo,lombardia,No Match,,
1110,62238,Avellino,Bagnoli Irpino,avellino,bagnoli irpino,No Match,,
1111,62252,Pistoia,Borgo a Buggiano,pistoia,borgo a buggiano,No Match,,
1112,62268,BENEVENTO ,COLLE SANNITA ,benevento,colle sannita,No Match,,
1113,62288,Belluno,Feltre,belluno,feltre,No Match,,
1114,62368,Cosenza,Laino Borgo,cosenza,laino borgo,No Match,,
1115,62390,Belluno,Feltre,belluno,feltre,No Match,,
1116,62438,Sardegna ,Tissi,sardegna,tissi,No Match,,
1117,62488,ROVIGO ,LENDINARA ,rovigo,lendinara,No Match,,
1118,62510,Treviso,Gorgo al Monticano (TV) ,treviso,gorgo al monticano,No Match,,
1119,62512,Treviso,PARROCCHIA DI SANTA FOSCA A RONCADELLE,treviso,fosca a roncadelle,No Match,,
1120,62514,Vicenza,Arcugnano (VI),vicenza,arcugnano,No Match,,
1121,62516,CAMPOBASSO,CAMPOBASSO,campobasso,campobasso,FuzzyMatch_Comune,41.5667,14.6667
1122,62518,Cosenza,Fuscaldo,cosenza,fuscaldo,No Match,,
1123,62530,Pordenone,SACILE,pordenone,sacile,No Match,,
1124,62540,ISERNIA ,SANT´ANGELO DEL PESCO ,isernia,santangelo del pesco,No Match,,
1125,62546,Rovigo,Contarina,rovigo,contarina,No Match,,
1126,62552,Forlì-Cesena,Rocca San Casciano,forli-cesena,rocca san casciano,No Match,,
1127,62558,Bergamo,Comum Nuovo,bergamo,comum nuovo,No Match,,
1128,62582,Alessandria,Pontestura,alessandria,pontestura,No Match,,
1129,62588,Mantova,Sermide e Felonica,mantova,sermide e felonica,No Match,,
1130,62592,,,nao especificado,nao especificado,No Match,,
1131,62608,,,nao especificado,nao especificado,No Match,,
1132,62622,treviso,Casièr,treviso,casier,No Match,,
1133,62628,Mantova ,Roncoferraro,mantova,roncoferraro,No Match,,
1134,62630,Messina,Taormina,messina,taormina,No Match,,
1135,62632,Treviso,Cimadolmo,treviso,cimadolmo,No Match,,
1136,62634,Vicenza,Vicenza,vicenza,vicenza,FuzzyMatch_Comune,45.55,11.55
1137,62636,Caserta,Teano,caserta,teano,No Match,,
1138,62638,VITERBO ,TESSENNANO ,viterbo,tessennano,No Match,,
1139,62644,Torino,Torino,torino,torino,No Match,,
1140,62646,Udine ,Chiesa Parrocchiale di San Giovanni Battista,udine,giovanni battista,No Match,,
1141,62650,Modena,Modena,modena,modena,FuzzyMatch_Comune,44.6469,10.9256
1142,62654,Rovigo,Melara,rovigo,melara,No Match,,
1143,62658,Forlì,Monte Colombo,forli,monte colombo,No Match,,
1144,62682,,,nao especificado,nao especificado,No Match,,
1145,62700,Vicenza,Grancona,vicenza,grancona,No Match,,
1146,62702,,,nao especificado,nao especificado,No Match,,
1147,62708,Padova,Sant'Urbano,padova,santurbano,No Match,,
1148,62714,Treviso,Moriago,treviso,moriago,No Match,,
1149,62716,treviso,Colle Umberto,treviso,colle umberto,No Match,,
1150,62718,Varese,Gornate Olona,varese,gornate olona,No Match,,
1151,62720,Cosenza,"parrocchia Vísitazione di maria ss.ma, vaccarizzo albanese",cosenza,visitazione di maria ssma,No Match,,
1152,62736,Mantova,Quistello,mantova,quistello,No Match,,
1153,62740,FERRARA,FERRARA,ferrara,ferrara,FuzzyMatch_Comune,44.8333,11.6167
1154,62742,Napoli ,"RESINA, ERCOLANО",napoli,resina,No Match,,
1155,62744,PADOVA , San Pietro in Gù,padova,pietro in,No Match,,
1156,62746,,,nao especificado,nao especificado,No Match,,
1157,62748,Veneto,Vicenza,veneto,vicenza,FuzzyMatch_Comune,45.55,11.55
1158,62750,Genova,Genova,genova,genova,FuzzyMatch_Comune,44.4111,8.9328
1159,62752,Belluno,Santa Giustina,belluno,giustina,No Match,,
1160,62754,,,nao especificado,nao especificado,No Match,,
1161,62756,,,nao especificado,nao especificado,No Match,,
1162,62758,Pordenone,Fontanafredda,pordenone,fontanafredda,No Match,,
1163,62760,Potenza,Montemurro,potenza,montemurro,No Match,,
1164,62762,TREVISO ,"S. Maria Assunta e S. Cassiano, Cordignano ",treviso,s maria assunta e s cassiano,No Match,,
1165,62764,Mantova,Serravalle a Po,mantova,serravalle a,No Match,,
1166,62768,Padova,Padova,padova,padova,FuzzyMatch_Comune,45.4167,11.8667
1167,62774,Mantova,Serravalle a Po,mantova,serravalle a,No Match,,
1168,62786,Verona,Nogara,verona,nogara,No Match,,
1169,62790,Novara,Cerano,novara,cerano,No Match,,
1170,62848,Vicenza,Zugliano,vicenza,zugliano,No Match,,
1171,65822,VICENZA,PARROCCHIA DI SAN GIORGIO DI ARCOLE,vicenza,giorgio di arcole,No Match,,
1172,68004,Venezia ,Cavarzere,venezia,cavarzere,No Match,,
1173,69154,,,nao especificado,nao especificado,No Match,,
1174,70796,,,nao especificado,nao especificado,No Match,,
1175,70798,TREVISO ,"CHIESA PARROCCHIALE DI S. MARGHERITA MARTIRE, GODEGA DI S. URBANO ",treviso,s margherita martire,No Match,,
1176,70808,Venezia,Quarto d'altino,venezia,quarto daltino,No Match,,
1177,70810,Lucca,Stazzema,lucca,stazzema,No Match,,
1178,70818,Arezzo,Ortignano Raggiolo,arezzo,ortignano raggiolo,No Match,,
1179,73274,,,nao especificado,nao especificado,No Match,,
1180,76764,ROVIGO ,PAPOZZE ,rovigo,papozze,No Match,,
1181,77624,,,nao especificado,nao especificado,No Match,,
1182,89440,Vicenza,Coneo,vicenza,coneo,No Match,,
1183,90054,,,nao especificado,nao especificado,No Match,,
1184,90056,Rovigo,Ceneselli ,rovigo,ceneselli,No Match,,
1185,90058,Pordenone,"Ghirano, Prata di Pordenone",pordenone,ghirano,No Match,,
1186,90062,Brescia,Agnosine,brescia,agnosine,No Match,,
1187,90936,Bergamo,Bagnatica,bergamo,bagnatica,No Match,,
1188,90966,comune  di Bari,comune  di Bari,comune di bari,comune di bari,No Match,,
1189,91294,Brescia,Palazzolo Sull’Oglio,brescia,palazzolo sulloglio,No Match,,
1190,91300,,,nao especificado,nao especificado,No Match,,
1191,91306,Vicenza,montecchio maggiore,vicenza,montecchio maggiore,No Match,,
1192,91312,Macerata,Macerata,macerata,macerata,No Match,,
1193,91326,Perugia,Volterra,perugia,volterra,No Match,,
1194,94308,Cremona,Casaletto di Sopra,cremona,casaletto di sopra,No Match,,
1195,94318,UDINE ,COLLOREDO DO MONTE ALBANO ,udine,colloredo do monte albano,No Match,,
1196,94388,Padova,Bovolenta,padova,bovolenta,No Match,,
1197,95770,Verona,Vigasio,verona,vigasio,No Match,,
1198,96280,Verona,CROSARA,verona,crosara,No Match,,
1199,96346,LUCCA,STAZZEMA ,lucca,stazzema,No Match,,
1200,96496,ROVIGO ,Giacciano con Baruchella,rovigo,giacciano con baruchella,No Match,,
1201,98506,Frosinone,Ponte corvo,frosinone,ponte corvo,No Match,,
1202,99984,Venezia,CAVARZERE,venezia,cavarzere,No Match,,
1203,101798,,,nao especificado,nao especificado,No Match,,
1204,101860,Salerno,Montano Antilia,salerno,montano antilia,No Match,,
1205,106478,Treviso,Cison di Valmarino,treviso,cison di valmarino,No Match,,
1206,109184,Treviso,CASTELFRANCO VENETO,treviso,castelfranco veneto,No Match,,
1207,109188,Padova,BAGNOLI DI SOPRA,padova,bagnoli di sopra,No Match,,
1208,109190,ROMA,,roma,nao especificado,No Match,,
1209,109192,,,nao especificado,nao especificado,No Match,,
1210,109194,,,nao especificado,nao especificado,No Match,,
1211,109196,,,nao especificado,nao especificado,No Match,,
1212,109202,VICENZA,Novale di Valdagno,vicenza,novale di valdagno,No Match,,
1213,109204,,,nao especificado,nao especificado,No Match,,
1214,109208, Padova,Cittadella,padova,cittadella,No Match,,
1215,109210,Cosenza,Paola,cosenza,paola,No Match,,
1216,109214,Valdagno,Novale,valdagno,novale,No Match,,
1217,109226,Salerno,Torraca,salerno,torraca,No Match,,
1218,109228,Vicenza,S. Maria Annunziata di Sovizzo,vicenza,s maria annunziata di sovizzo,No Match,,
1219,109230,Salerno,Ispani,salerno,ispani,No Match,,
1220,109232,Bréscia,Desenzano del Garda,brescia,desenzano del garda,No Match,,
1221,109234,Treviso,roncade ,treviso,roncade,No Match,,
1222,109236,Venezia,Noale,venezia,noale,No Match,,
1223,109238,Vicenza,Vicenza,vicenza,vicenza,FuzzyMatch_Comune,45.55,11.55
1224,109240,,,nao especificado,nao especificado,No Match,,
1225,109242,Vicenza,Asiago,vicenza,asiago,No Match,,
1226,109244,nas-08/09/1898-Baselice/Benevento,Baselice,nas-08/09/1898-baselice/benevento,baselice,No Match,,
1227,109246,Treviso,Mareno di Piave,treviso,mareno di piave,No Match,,
1228,109248,Venezia,Noale,venezia,noale,No Match,,
1229,109250,Salerno,Teggiano,salerno,teggiano,No Match,,
1230,109252,VERONA,ZIMELLA,verona,zimella,No Match,,
1231,109254,Cremona,Cella Dati,cremona,cella dati,No Match,,
1232,109256,Udine,Scodovacca,udine,scodovacca,No Match,,
1233,109258,Venezia,cavarzere,venezia,cavarzere,No Match,,
1234,109260,Verona,Isola Porcarizza,verona,isola porcarizza,No Match,,
1235,109262,Potenza,Maratea,potenza,maratea,No Match,,
1236,109264,ROVIGO ,FRASSINELLE POLESINE ,rovigo,frassinelle polesine,No Match,,
1237,109266,Campobasso,fossalto,campobasso,fossalto,No Match,,
1238,109268,TREVISO ,"PARROCCHIA DI SAN ZENONE VESCOVO E MARTIRE, SAN ZENONE DEGLI EZZELINI",treviso,zenone vescovo e martire,No Match,,
1239,109282,Potenza,Venosa,potenza,venosa,No Match,,
1240,109284,AGRIGENTO ,Realmonte ,agrigento,realmonte,No Match,,
1241,109286,VERONA,CEREA,verona,cerea,No Match,,
1242,109300,,,nao especificado,nao especificado,No Match,,
1243,109310,,,nao especificado,nao especificado,No Match,,
1244,109322,ROVIGO,Gaiba,rovigo,gaiba,No Match,,
1245,109332,,,nao especificado,nao especificado,No Match,,
1246,109342,Belluno,Castion,belluno,castion,No Match,,
1247,109362,Cremona,Rivolta d'Adda,cremona,rivolta dadda,No Match,,
1248,109876,,,nao especificado,nao especificado,No Match,,
1249,110110,Lucca,Pietrasanta,lucca,pietrasanta,No Match,,
1250,110752,Belluno, Trichiana,belluno,trichiana,No Match,,
1251,110906,Bologna,Castel di Casio,bologna,castel di casio,No Match,,
1252,110908,Salerno,Casalbuono,salerno,casalbuono,No Match,,
1253,111210,LUCCA,Bolgo a Mozzano,lucca,bolgo a mozzano,No Match,,
1254,111278,Napoli,Boscoreale,napoli,boscoreale,FuzzyMatch_Comune,40.7667,14.4833
1255,111328,BENEVENTO ,BASELICE ,benevento,baselice,No Match,,
1256,111368,Treviso,Ponte di Piave,treviso,ponte di piave,No Match,,
1257,111394,Crotone,Ciró Marina,crotone,ciro marina,No Match,,
1258,111506,Rovigo,Adria,rovigo,adria,No Match,,
1259,111594,Mantova,Viadana,mantova,viadana,No Match,,
1260,111716,PADOVA,"PARROCCHIA DI SS.ANTONIO E CARLO - RIO, PONTE S.NICOLÒ",padova,ssantonio e carlo,No Match,,
1261,112598,Cremona,Torricella del Pizzo,cremona,torricella del pizzo,No Match,,
1262,112668,Vicenza,Fara Vicentino,vicenza,fara vicentino,No Match,,
1263,112746,Pordenone,San Vito al Tagliamento,pordenone,vito al tagliamento,No Match,,
1264,112756,Rovigo,Lendinara,rovigo,lendinara,No Match,,
1265,112960,,,nao especificado,nao especificado,No Match,,
1266,113008,Belluno,Arsiè,belluno,arsie,No Match,,
1267,113268,Vicenza,Grumolo Delle Abbadesse,vicenza,grumolo delle abbadesse,No Match,,
1268,113336,Lombardia,Milano,lombardia,milano,FuzzyMatch_Comune,45.4669,9.19
1269,113494,Vicenza,Lusiana,vicenza,lusiana,No Match,,
1270,113512,Cosenza,Cosenza,cosenza,cosenza,FuzzyMatch_Comune,39.3,16.25
1271,138282,Belluno,Cesiomaggiore,belluno,cesiomaggiore,No Match,,
1272,139364,TREVISO,ZERO BRANCO,treviso,zero branco,No Match,,
1273,140514,Mantova,Mantova,mantova,mantova,No Match,,
1274,145040,Belluno,Fonzaso,belluno,fonzaso,No Match,,
1275,146360,DI COSENZA,DI CELLARA,di cosenza,di cellara,No Match,,
1276,147642,Padova,Pozzonovo,padova,pozzonovo,No Match,,
1277,152520,Treviso,Miane,treviso,miane,No Match,,
1278,152718,Padova,Torreglia,padova,torreglia,No Match,,
1279,152836,Cesiomaggiore,Toschian,cesiomaggiore,toschian,No Match,,
1280,153080,Vercelli,Pray Biellese,vercelli,pray biellese,No Match,,
1281,153108,Teramo,Civitelli del Tronto,teramo,civitelli del tronto,No Match,,
1282,153302,Cosenza,Belvedere Marittimo,cosenza,belvedere marittimo,No Match,,
1283,153396,Caneva,Fratta,caneva,fratta,No Match,,
1284,153812,Padova,Campodarsego,padova,campodarsego,No Match,,
1285,154066,Biela,Biela,biela,biela,No Match,,
1286,154186,Padova,Saonara,padova,saonara,No Match,,
1287,154216,Caserta,Santa Maria a Vico,caserta,maria a vico,FuzzyMatch_Comune,41.0333,14.4833
1288,154334,Padova,Selvazzano Dentro,padova,selvazzano dentro,No Match,,
1289,154568,Treviso,Valdobbiadene,treviso,valdobbiadene,No Match,,
1290,154620,Brescia,Palazzolo Sull’Oglio,brescia,palazzolo sulloglio,No Match,,
1291,154622,Belluno,Cesiomaggiore,belluno,cesiomaggiore,No Match,,
1292,154684,Cosenza,Mongrassano,cosenza,mongrassano,No Match,,
1293,154880,roma,roma,roma,roma,No Match,,
1294,154990,Gorizia, San Pier d'Isonzo,gorizia,pier disonzo,No Match,,
1295,154992,Cosenza,Cosenza,cosenza,cosenza,FuzzyMatch_Comune,39.3,16.25
1296,155022,Vicenza ,"Cismon del Grappa, Valbrenta",vicenza,cismon del grappa,No Match,,
1297,155098,Mantova,Quingentole,mantova,quingentole,No Match,,
1298,155156,Treviso,Breda di Piave,treviso,breda di piave,No Match,,
1299,155224,Padova,Santa Margherita d'Adige,padova,margherita dadige,No Match,,
1300,155272,Vicenza,Cassola,vicenza,cassola,No Match,,
1301,155392,Mantova,Rodigo,mantova,rodigo,No Match,,
1302,155436,Enna,Regalbuto,enna,regalbuto,No Match,,
1303,157056,Rovigo,Contarina,rovigo,contarina,No Match,,
1304,158076,Bari,Gravina in puglia,bari,gravina in puglia,No Match,,
1305,160404,,,nao especificado,nao especificado,No Match,,
1306,188010,,,nao especificado,nao especificado,No Match,,
1307,214802,Rovigo ,San Martino,rovigo,martino,FuzzyMatch_Comune,41.7667,12.6667
1308,214844,PADOVA,Parrocchia di Santa Maria e Beato Bertrando a Fontaniva,padova,maria e beato bertrando a fontaniva,No Match,,
1309,214930,Calabria,Calabria,calabria,calabria,No Match,,
1310,215088,Salerno ,San Giovanni a Piro ,salerno,giovanni a piro,No Match,,
1311,215118,Potenza,Lauria ,potenza,lauria,No Match,,
1312,215244,Verona,Castagnaro,verona,castagnaro,No Match,,
1313,215394,Forlì-Cesena,Cesena,forli-cesena,cesena,No Match,,
1314,215498,Ferrara,Bondeno,ferrara,bondeno,No Match,,
1315,215500,TREVISO ,FONTANELLE ,treviso,fontanelle,No Match,,
1316,215542,Udine,Santa Maria,udine,maria,No Match,,
1317,215602,roma,roma,roma,roma,No Match,,
1318,215644,,,nao especificado,nao especificado,No Match,,
1319,215692,Milano,Monza,milano,monza,FuzzyMatch_Comune,45.5836,9.2736
1320,215740,Padova,"Paroquia Santa Sofia, Padova",padova,paroquia santa sofia,No Match,,
1321,215770,Pavia,Pavia,pavia,pavia,No Match,,
1322,215818,COSENZA,Tarsia,cosenza,tarsia,No Match,,
1323,215878,VENETO,TREVISO,veneto,treviso,FuzzyMatch_Comune,45.6667,12.25
1324,215932,Verona,Villa Bartolomea,verona,villa bartolomea,No Match,,
1325,215978,ROVIGO,PORTO TOLLE,rovigo,porto tolle,No Match,,
1326,216032,Vicenza,Nove,vicenza,nove,No Match,,
1327,216050,salerno,Castellabate,salerno,castellabate,No Match,,
1328,216152,,,nao especificado,nao especificado,No Match,,
1329,216192,VICENZA , Montecchio Maggiore,vicenza,montecchio maggiore,No Match,,
1330,216240,Toscana,Firenze,toscana,firenze,No Match,,
1331,216276,Belluno ,Cesana,belluno,cesana,No Match,,
1332,216368,Vicenza,San Nazario,vicenza,nazario,No Match,,
1333,216438,potenza,Latronico,potenza,latronico,No Match,,
1334,216480,Verona,Villa Bartolomea,verona,villa bartolomea,No Match,,
1335,216542,Treviso,Treviso,treviso,treviso,FuzzyMatch_Comune,45.6667,12.25
1336,216636,Téramo,Téramo,teramo,teramo,No Match,,
1337,216720,Vicenza,"PARROCCHIA NATIVITA´DELLA BEATA VERGINE MARIA, ROSSANO VENETO",vicenza,nativitadella beata vergine maria,No Match,,
1338,216982,Salerno,Sant'Arsenio,salerno,santarsenio,No Match,,
1339,217082,Treviso,Fontanelle,treviso,fontanelle,No Match,,
1340,217170,Toscana,"Stazzema, Lucca",toscana,stazzema,No Match,,
1341,217240,Vicenza,Castelgomberto,vicenza,castelgomberto,No Match,,
1342,217270,,,nao especificado,nao especificado,No Match,,
1343,217276,Pordenone,Sacile,pordenone,sacile,No Match,,
1344,217322,Abruzzo,Teramo,abruzzo,teramo,No Match,,
1345,217736,,,nao especificado,nao especificado,No Match,,
1346,217760,Mântua,Rivarolo Mantovano,mantua,rivarolo mantovano,No Match,,
1347,218014,vICENZA,SOSSANO,vicenza,sossano,No Match,,
1348,218044,Rovigo,San Martino di Venezze,rovigo,martino di venezze,No Match,,
1349,218152,Catanzaro,Feroleto Antico,catanzaro,feroleto antico,No Match,,
1350,218184,Benevento,Baselice,benevento,baselice,No Match,,
1351,218220,Vicenza ,Orgiano,vicenza,orgiano,No Match,,
1352,218266,Mantova ,Mantova ,mantova,mantova,No Match,,
1353,218372,Mantova,Carbonara di Po,mantova,carbonara di,No Match,,
1354,218798,Treviso,Villorba,treviso,villorba,No Match,,
1355,218984,Mantova,Parrocchia di San Giovanni del Dosso,mantova,giovanni del dosso,No Match,,
1356,219026,Rovigo,Lendinara,rovigo,lendinara,No Match,,
1357,219068,Potenza,Maratea,potenza,maratea,No Match,,
1358,219122,Pádua,masera di padova,padua,masera di padova,No Match,,
1359,219152,Verona ,Nogara,verona,nogara,No Match,,
1360,219200,Lucca,Lucca,lucca,lucca,No Match,,
1361,219270,Rovigo,Crespino,rovigo,crespino,No Match,,
1362,219300,Treviso,Follina,treviso,follina,No Match,,
1363,219350,Treviso,Cison Di Valmarino ,treviso,cison di valmarino,No Match,,
1364,219398,Treviso,Fontanelle,treviso,fontanelle,No Match,,
1365,219536,Padova,Loreggia,padova,loreggia,No Match,,
1366,219600,Treviso,Tarzo,treviso,tarzo,No Match,,
1367,219776,Milano,Carugate,milano,carugate,No Match,,
1368,219812,,,nao especificado,nao especificado,No Match,,
1369,219814,Vercelli,Pertengo,vercelli,pertengo,No Match,,
1370,219868,napoli,San Giuseppe Vesuviano,napoli,giuseppe vesuviano,FuzzyMatch_Comune,40.8333,14.5
1371,219920,Rovigo,Arquà Polesine,rovigo,arqua polesine,No Match,,
1372,220240,Venezia,Fossò,venezia,fosso,No Match,,
1373,220282,mantova,Chiesa di San Giovanni Battista (Moglia),mantova,giovanni battista,No Match,,
1374,220284,Treviso,Follina,treviso,follina,No Match,,
1375,220328,caserta,Santa Maria Capua Vetere,caserta,maria capua vetere,FuzzyMatch_Comune,41.0833,14.25
1376,220382,Benevento,Montesarchio,benevento,montesarchio,No Match,,
1377,220436,,,nao especificado,nao especificado,No Match,,
1378,220484,Cosenza,Paola,cosenza,paola,No Match,,
1379,220558,Puglia,Bari,puglia,bari,FuzzyMatch_Comune,41.1253,16.8667
1380,220742,COSENZA ,PAOLA,cosenza,paola,No Match,,
1381,220772,Cremona, PIEVE SAN GIACOМО,cremona,pieve san giacomo,No Match,,
1382,220880,VENEZIA,GRUARIO,venezia,gruario,No Match,,
1383,221070,TREVISO,DI ODERZO,treviso,di oderzo,No Match,,
1384,221104,Pordenone,brugnera,pordenone,brugnera,No Match,,
1385,221122,Treviso,Cessalto,treviso,cessalto,No Match,,
1386,221330,PADOVA,BORGO VENETO,padova,borgo veneto,No Match,,
1387,221504,Treviso,Povegliano,treviso,povegliano,No Match,,
1388,221608,Verona,Soave,verona,soave,No Match,,
1389,222542,Rovigo,Badia Polesine,rovigo,badia polesine,No Match,,
1390,222638,Pistoia,san miniato in Calamecca,pistoia,miniato in calamecca,No Match,,
1391,223094,Treviso,Treviso,treviso,treviso,FuzzyMatch_Comune,45.6667,12.25
1392,223988,Vicenza,Camisano Vicentino,vicenza,camisano vicentino,No Match,,
1393,224120,Cuneo,Cuneo,cuneo,cuneo,No Match,,
1394,224158,Treviso,Scomigo,treviso,scomigo,No Match,,
1395,224170,Vicenza,Cartigliano,vicenza,cartigliano,No Match,,
1396,225122,Bergamo,Levate,bergamo,levate,No Match,,
1397,226428,Cosenza,Malito,cosenza,malito,No Match,,
1398,229908,Lucca,"San Giusto vescovo di Motrone, Borgo a Mozzano",lucca,giusto vescovo di motrone,No Match,,
1399,232334,Treviso,Treviso,treviso,treviso,FuzzyMatch_Comune,45.6667,12.25
1400,233338,Venezia,San Michele al Tagliamento,venezia,michele al tagliamento,No Match,,
1401,252212,Venezia ,Torre di Mosto,venezia,torre di mosto,No Match,,
1402,252664,Treviso,Vedelago,treviso,vedelago,No Match,,
1403,252742,Treviso,"Parrocchia Natività Maria SS, Resana",treviso,nativita maria,No Match,,
1404,252838,Enna,Troina,enna,troina,No Match,,
1405,253298,Carpi,Cortile,carpi,cortile,No Match,,
1406,253398,Verona,Boschi Sant'Anna,verona,boschi santanna,No Match,,
1407,253638,Campobasso,Santa Croce di Magliano,campobasso,croce di magliano,No Match,,
1408,254152,Verona,Arcole ,verona,arcole,No Match,,
1409,254440,,,nao especificado,nao especificado,No Match,,
1410,254528,MONTOVA,,montova,nao especificado,No Match,,
1411,254604,ROVIGO,CENESELLI,rovigo,ceneselli,No Match,,
1412,254782,Rovigo,"Contarina, Porto Viro",rovigo,contarina,No Match,,
1413,254884, Rovigo,Adria,rovigo,adria,No Match,,
1414,255900,Verona,"PAROCCHIA DI S.LORENZO, IN BEATA VERGINE REGINA, Concamarise",verona,parocchia di slorenzo,No Match,,
1415,256074,,,nao especificado,nao especificado,No Match,,
1416,256522,Vicenza,Vicenza,vicenza,vicenza,FuzzyMatch_Comune,45.55,11.55
1417,256640,NAPOLI,NAPOLI,napoli,napoli,No Match,,
1418,256944,Treviso,trevignano,treviso,trevignano,No Match,,
1419,256986,Mantua,san benedetto po,mantua,benedetto,No Match,,
1420,257248,Ravenna,Frazione Comune Sant'Alberto,ravenna,frazione comune santalberto,No Match,,
1421,257276,Potenza,Tramutola ,potenza,tramutola,No Match,,
1422,257508,MESSINA ,MESSINA ,messina,messina,FuzzyMatch_Comune,38.1936,15.5542
1423,258098,ROMA,ROMA ,roma,roma,No Match,,
1424,258182,,,nao especificado,nao especificado,No Match,,
1425,258302,Pescara,Castiglione a Casauria,pescara,castiglione a casauria,No Match,,
1426,258356,Mantova,Commessaggio,mantova,commessaggio,No Match,,
1427,258478,TREVISO ,CHIARANO ,treviso,chiarano,No Match,,
1428,258560,Rovigo,Lendinara,rovigo,lendinara,No Match,,
1429,258562,Modena,Campogalliano,modena,campogalliano,No Match,,
1430,258660,belluno,rocca,belluno,rocca,No Match,,
1431,258830,LUCCA,LUCCA,lucca,lucca,No Match,,
1432,259016,Avellino,Lioni,avellino,lioni,No Match,,
1433,259106,vibo valentina,Zaccanopoli,vibo valentina,zaccanopoli,No Match,,
1434,259264,Verona,Villabartolomea,verona,villabartolomea,No Match,,
1435,259354,POTENZA ,RIVELLO ,potenza,rivello,No Match,,
1436,259468,Pisa,Pisa,pisa,pisa,No Match,,
1437,259564,Treviso,Fossalunga,treviso,fossalunga,No Match,,
1438,259684,Cremona, Pianengo,cremona,pianengo,No Match,,
1439,259730,Mantova,San Benedetto Po,mantova,benedetto,No Match,,
1440,259942,Padova,VIGODARZERE,padova,vigodarzere,No Match,,
1441,260028,,,nao especificado,nao especificado,No Match,,
1442,260204,,,nao especificado,nao especificado,No Match,,
1443,260306,Reggio Calabria,Palmi,reggio calabria,palmi,No Match,,
1444,260456,Belluno,vallada ,belluno,vallada,No Match,,
1445,260564,SACILE ,Cavolano,sacile,cavolano,No Match,,
1446,260776,PADOVA ,Fontaniva,padova,fontaniva,No Match,,
1447,260942,CREMONA ,Torricella del Pizzo ,cremona,torricella del pizzo,No Match,,
1448,261006,Ancona,Fabriano,ancona,fabriano,No Match,,
1449,261184,Brescia ,Manerba,brescia,manerba,No Match,,
1450,261286,Udine,UDINE-fRIOLI VENEZIA,udine,udine,FuzzyMatch_Comune,46.0667,13.2333
1451,261634,Salerno,Salerno,salerno,salerno,FuzzyMatch_Comune,40.6806,14.7594
1452,261778,Lucca,Villa Basilica,lucca,villa basilica,No Match,,
1453,261800,Udine,Lestizza,udine,lestizza,No Match,,
1454,261806,LUCCA,GALLICANO ,lucca,gallicano,No Match,,
1455,262198, Lucca,Pescaglia,lucca,pescaglia,No Match,,
1456,262216,Belluno, Cesana,belluno,cesana,No Match,,
1457,262246,Pozzuoli,San Martino,pozzuoli,martino,FuzzyMatch_Comune,41.7667,12.6667
1458,262880,PAVIA ,"Parrocchia di San Lorenzo Martire, Voghera",pavia,lorenzo martire,No Match,,
1459,263020,Veneza ,NOALE,veneza,noale,No Match,,
1460,263116,VERONA ,Villa Bartolomea,verona,villa bartolomea,No Match,,
1461,263230,Rovigo ,Ceregnano,rovigo,ceregnano,No Match,,
1462,263380,Verona,Cerea,verona,cerea,No Match,,
1463,263512,FROSINONE ,MONTE SAN GIOVANNI CAMPANO ,frosinone,monte san giovanni campano,No Match,,
1464,263760,Verona,Ronco all'Adige,verona,ronco alladige,No Match,,
1465,263940,Cremona,Crema ,cremona,crema,No Match,,
1466,263958,Potenza,Rivello,potenza,rivello,No Match,,
1467,263964,,,nao especificado,nao especificado,No Match,,
1468,264056,Vicenza,Tezze sul Brenta,vicenza,tezze sul brenta,No Match,,
1469,264062,VERONA ,VIGASIO ,verona,vigasio,No Match,,
1470,264064,Benevento ,GUARDIA SANFRAMONDI,benevento,guardia sanframondi,No Match,,
1471,264638,Napoli,Casamarciano,napoli,casamarciano,No Match,,
1472,264756, Padova,Cervarese Santa Croce,padova,cervarese santa croce,No Match,,
1473,265564,Emilia Romagna,Parma,emilia romagna,parma,FuzzyMatch_Comune,44.8015,10.328
1474,265768,Napoli,Napoli,napoli,napoli,No Match,,
1475,265846,Arezzo, Foiano della Chiana,arezzo,foiano della chiana,No Match,,
1476,266130,,,nao especificado,nao especificado,No Match,,
1477,266250,Cosenza,Fuscaldo,cosenza,fuscaldo,No Match,,
1478,266364,MANTOVA ,"PARROCCHIA S. BENEDETTO ABATE, CESOLE, MARCARIA ",mantova,s benedetto abate,No Match,,
1479,266382,Treviso,Gorgo al Monticano,treviso,gorgo al monticano,No Match,,
1480,266500,Rovigo ,Trecenta,rovigo,trecenta,No Match,,
1481,266668,COSENZA ,CAMPANA ,cosenza,campana,No Match,,
1482,266762,,,nao especificado,nao especificado,No Match,,
1483,266866,,,nao especificado,nao especificado,No Match,,
1484,266884,Verona ,Diocesi Di Verona PARROCHIA SS. PIETRO E PAOLO,verona,diocesi di verona parrochia ss pietro e paolo,No Match,,
1485,267026,Verona,Cerea,verona,cerea,No Match,,
1486,267132,CAMPOBASSO ,Gildone,campobasso,gildone,No Match,,
1487,267268,TREVISO,"PARROCCCHIA S. M. ASUNTA, PIEVE DI SOLIIGO ",treviso,parroccchia s m asunta,No Match,,
1488,267430,VENEZA,"PARROCCHIA SAN GIOVANNI BATTISTA, JESOLO",veneza,giovanni battista,No Match,,
1489,267568,Reggio Calabria,Palmi,reggio calabria,palmi,No Match,,
1490,267674,VENEZIA ,SAN DONA DI PIAVE ,venezia,dona di piave,No Match,,
1491,268128,FLORENZA ,FIRENZUOLA ,florenza,firenzuola,No Match,,
1492,269942,Mantova,"Parrocchia di Mantova, Coito",mantova,mantova,No Match,,
1493,270272,Vicenza,Posina,vicenza,posina,No Match,,
1494,271290,Veneto ,Codognè,veneto,codogne,No Match,,
1495,271292,Vicenza,Fontanelle,vicenza,fontanelle,No Match,,
1496,271294,Verona,Boschi Sant'Anna,verona,boschi santanna,No Match,,
1497,271296,Belluno ,La Valle Agordina,belluno,la valle agordina,No Match,,
1498,271298,Treviso ,Preganziol,treviso,preganziol,No Match,,
1499,271306,TREVISO ,Gaiarine,treviso,gaiarine,No Match,,
1500,271308,VICENZA ,Altavilla  ,vicenza,altavilla,No Match,,
